id,property_price,buy
9262800171,252000.0,yes
3353401710,227950.0,yes
7967200060,243000.0,yes
5066400483,249900.0,yes
3353400860,249900.0,yes
5402100045,189950.0,yes
5556800260,230000.0,yes
303000445,175000.0,yes
3750605349,210500.0,yes
2721049059,225000.0,yes
7585000110,201700.0,yes
1311000600,250000.0,yes
3751603173,212500.0,yes
1312200080,224000.0,yes
1311500020,198000.0,yes
9262800294,260000.0,yes
6085000130,230000.0,yes
2214800630,239950.0,yes
3751605432,239950.0,yes
321049090,254000.0,yes
4012800050,175000.0,yes
6143600580,184000.0,yes
4031700210,220000.0,yes
1311400120,160000.0,yes
3750605620,225000.0,yes
1311910300,260000.0,yes
4463400195,170000.0,yes
5706600150,215000.0,yes
5066400564,199129.0,yes
3750603940,240000.0,yes
302000375,250000.0,yes
2730000070,225000.0,yes
3353402400,124500.0,yes
3750603471,239950.0,yes
1311900240,226500.0,yes
7696610270,238000.0,yes
1311800560,209000.0,yes
3751601171,229500.0,yes
3750605247,255000.0,yes
7905400160,246900.0,yes
3750600566,199950.0,yes
5530000030,233000.0,yes
2730000270,178500.0,yes
1311000270,247000.0,yes
4031000520,227000.0,yes
8856001090,185900.0,yes
1311400350,235000.0,yes
3750603492,185000.0,yes
3751604895,165000.0,yes
7905400040,206000.0,yes
3599600150,201000.0,yes
1021049057,207000.0,yes
4013800206,199000.0,yes
9543000205,139950.0,yes
8159610150,234950.0,yes
3353402390,171500.0,yes
3422049158,246000.0,yes
6143600555,229950.0,yes
3750603685,250000.0,yes
3353400840,230000.0,yes
3751602249,205000.0,yes
321049193,215000.0,yes
3751600430,250000.0,yes
9543000896,237000.0,yes
7696500280,182500.0,yes
7696630080,197000.0,yes
4031000460,199500.0,yes
1521049156,255000.0,yes
3322049095,240000.0,yes
8856003525,183500.0,yes
7696620100,254999.0,yes
3356402020,230000.0,yes
8856004415,168000.0,yes
3356403400,159000.0,yes
3353401340,199900.0,yes
16000397,189000.0,yes
1202000200,233000.0,yes
6131600075,225000.0,yes
9500900135,200000.0,yes
6131600060,214000.0,yes
3224800075,234000.0,yes
16000435,218500.0,yes
1450100070,208000.0,yes
1821059264,224000.0,yes
3915500045,180000.0,yes
7335400400,176250.0,yes
7345000340,208000.0,yes
3313600340,183000.0,yes
8698600055,210000.0,yes
835000055,175000.0,yes
3021059155,161500.0,yes
7877400266,206000.0,yes
2891100820,213500.0,yes
7468900245,188200.0,yes
7335400215,95000.0,yes
7140800100,125000.0,yes
7338000850,183000.0,yes
7116500705,156000.0,yes
2891000680,195000.0,yes
6858700225,199950.0,yes
7140600190,233500.0,yes
3224800010,235000.0,yes
7116000425,150000.0,yes
7338001190,215000.0,yes
8698100170,111300.0,yes
1735800050,142500.0,yes
7331900290,230000.0,yes
3802000020,154950.0,yes
304000380,197000.0,yes
4399210130,225500.0,yes
7335400500,194900.0,yes
1450300050,224950.0,yes
7335400345,135000.0,yes
5198600005,195000.0,yes
1821059067,200000.0,yes
1018000110,224000.0,yes
1202000140,160000.0,yes
3339900640,200000.0,yes
7889000125,235000.0,yes
1921059235,215000.0,yes
7345200400,205000.0,yes
1921059045,195000.0,yes
7889000160,222000.0,yes
7140600055,207000.0,yes
7331900270,235000.0,yes
7116500125,189000.0,yes
7338000800,185000.0,yes
7468900270,140000.0,yes
6131600240,190000.0,yes
5125400385,220000.0,yes
7338000150,160000.0,yes
1450000210,179500.0,yes
7338000730,167000.0,yes
8581400450,159995.0,yes
2597500840,209950.0,yes
1721059069,235000.0,yes
3224900130,223000.0,yes
1450100020,208000.0,yes
6131600285,195500.0,yes
5198600010,180000.0,yes
1450100420,205000.0,yes
6131600255,202500.0,yes
1450000050,201000.0,yes
7116000225,190000.0,yes
9150100020,189000.0,yes
7468900235,163500.0,yes
7140600225,137000.0,yes
7806210250,235000.0,yes
7335400020,219500.0,yes
7345000120,206000.0,yes
3021059175,235000.0,yes
2891000450,229500.0,yes
8581400015,189900.0,yes
7345200650,219200.0,yes
4399210110,232603.0,yes
9499200220,234000.0,yes
3313600077,185000.0,yes
7335400065,229950.0,yes
7877400245,193000.0,yes
7983200060,230000.0,yes
921049315,199000.0,yes
3584000310,225000.0,yes
1745100140,210000.0,yes
7511800070,264000.0,yes
7203000640,215000.0,yes
2329500260,232500.0,yes
421049116,216000.0,yes
7683800192,179950.0,yes
7203000465,245000.0,yes
4322300340,265000.0,yes
2268000370,190000.0,yes
2190601049,212000.0,yes
4131500140,175000.0,yes
5151600480,248000.0,yes
1140000050,215000.0,yes
2268000470,241500.0,yes
7875400050,212000.0,yes
3391900130,258750.0,yes
2268000050,229900.0,yes
2191600780,219000.0,yes
4222310290,253000.0,yes
2345500010,210500.0,yes
7941600220,219900.0,yes
5149800040,255000.0,yes
3275310220,244000.0,yes
4322300140,265000.0,yes
7941600390,225000.0,yes
2821049082,225000.0,yes
537000416,250000.0,yes
3275300270,250000.0,yes
103400160,263000.0,yes
7466900320,242000.0,yes
7682200320,197400.0,yes
9315100210,227490.0,yes
2329600040,158000.0,yes
3375300360,217500.0,yes
2190600243,210000.0,yes
4222310220,235500.0,yes
7683800212,229000.0,yes
2268000180,230000.0,yes
2501600150,194000.0,yes
4222310010,267950.0,yes
2329600280,225900.0,yes
7683800010,205000.0,yes
7943000020,183000.0,yes
271200130,215000.0,yes
7984400005,253500.0,yes
4222310680,240000.0,yes
3584000180,253400.0,yes
643000110,247500.0,yes
1745000090,208000.0,yes
7575600610,265000.0,yes
5153900150,205000.0,yes
4348800030,727500.0,yes
708000030,888000.0,yes
8146100270,824000.0,yes
7000100631,730000.0,yes
4395600060,935000.0,yes
3861400030,950000.0,yes
6344000060,760000.0,yes
824059083,993000.0,yes
824059277,985000.0,yes
292000070,895000.0,yes
1552100135,1150000.0,yes
1651500060,845000.0,yes
3860400100,950000.0,yes
1266200015,805500.0,yes
249000115,650000.0,yes
7000100850,569000.0,yes
1561600025,712500.0,yes
8146300025,772000.0,yes
7963900100,680000.0,yes
1872900076,979000.0,yes
824059211,800000.0,yes
4389201064,810000.0,yes
644200090,921000.0,yes
2425700005,760000.0,yes
644000185,875000.0,yes
3210600010,635000.0,yes
9533600185,985000.0,yes
686900010,898000.0,yes
8084400010,650000.0,yes
4122700020,850000.0,yes
2344300122,900000.0,yes
6043400006,815000.0,yes
1925059049,775000.0,yes
3025059136,800000.0,yes
524059093,775000.0,yes
1056200010,750000.0,yes
2025059150,1038000.0,yes
685000265,825000.0,yes
2925059294,860000.0,yes
8146100410,760000.0,yes
5078400090,915000.0,yes
4389201021,1014250.0,yes
2387000110,898000.0,yes
7000100775,625000.0,yes
540100056,843500.0,yes
4389200610,903000.0,yes
3537900180,700000.0,yes
686900030,999950.0,yes
650000030,745000.0,yes
711000070,730000.0,yes
2025059204,1013050.0,yes
6669000070,1000000.0,yes
685000160,770000.0,yes
2450000320,607000.0,yes
524059208,650000.0,yes
3860900111,695000.0,yes
250000320,626000.0,yes
644000102,650000.0,yes
686800070,895000.0,yes
824059293,943500.0,yes
9808700370,899000.0,yes
629000730,745000.0,yes
644200065,1030000.0,yes
2344300220,1100000.0,yes
8146300180,860000.0,yes
8146100610,672000.0,yes
629000410,915000.0,yes
8146100580,765000.0,yes
524059052,975000.0,yes
8086000201,875000.0,yes
629000704,1000000.0,yes
4122700040,860000.0,yes
6684500040,725000.0,yes
8146300020,723000.0,yes
6664000130,635250.0,yes
644210020,780000.0,yes
2450000275,595000.0,yes
9534400010,965800.0,yes
1561600095,1058000.0,yes
9533100080,781000.0,yes
3835500005,1100000.0,yes
3323500010,1150000.0,yes
3210700170,650000.0,yes
3210700380,640000.0,yes
5078400210,921000.0,yes
4389200761,1100000.0,yes
3394100230,1050000.0,yes
8146300205,725000.0,yes
2591700037,746000.0,yes
4100000140,640000.0,yes
7811200310,635000.0,yes
9542000075,700000.0,yes
9560700055,550000.0,yes
9512000140,755000.0,yes
7811210320,549000.0,yes
3584900160,565000.0,yes
9542400025,720000.0,yes
7811100100,566000.0,yes
2330000015,740000.0,yes
3584900090,577000.0,yes
514500090,550000.0,yes
7811000020,490000.0,yes
6205500280,576000.0,yes
2785000290,675000.0,yes
514500235,411100.0,yes
1546600020,760000.0,yes
9542000050,615000.0,yes
6189200345,738950.0,yes
1153000040,650000.0,yes
514500195,556000.0,yes
1726600120,729032.0,yes
9541600015,660000.0,yes
7811220070,490000.0,yes
3260000340,732600.0,yes
3260000700,530000.0,yes
6206100075,700000.0,yes
6206100030,550000.0,yes
3260000570,735000.0,yes
3260200200,580000.0,yes
1546600565,705000.0,yes
9541800075,685650.0,yes
2330000035,710000.0,yes
1546600230,726000.0,yes
3260000120,599380.0,yes
7811100230,650000.0,yes
9542850580,760000.0,yes
1153000150,744500.0,yes
1727000680,699000.0,yes
5076900010,530000.0,yes
9560700010,549800.0,yes
9542850290,710000.0,yes
9541600255,762450.0,yes
687600010,753000.0,yes
9542400010,745000.0,yes
3425059099,625000.0,yes
9541600280,620000.0,yes
5307100280,680000.0,yes
3425059066,618000.0,yes
5076700115,529941.0,yes
424059052,400000.0,yes
1777500060,527700.0,yes
6071600370,500000.0,yes
1687900520,673000.0,yes
2200500350,500000.0,yes
2201500030,420000.0,yes
6073200075,625000.0,yes
1324059104,691100.0,yes
6067910030,664000.0,yes
9346980140,605000.0,yes
2205500575,390000.0,yes
6067900060,565000.0,yes
9429500045,428750.0,yes
1777500160,718000.0,yes
2592210160,719000.0,yes
2205500400,542000.0,yes
1951820070,491500.0,yes
6067900640,391000.0,yes
6071600270,495000.0,yes
1951700700,530000.0,yes
2600000510,686000.0,yes
7856700990,655000.0,yes
6072100140,500000.0,yes
2600100370,723000.0,yes
5566100060,490000.0,yes
2203500570,437000.0,yes
2024059084,625000.0,yes
2206700295,453000.0,yes
6071700160,603500.0,yes
2202500110,430000.0,yes
4035900015,659500.0,yes
2205700405,479000.0,yes
5603700025,732000.0,yes
2201500490,435000.0,yes
6072100490,527500.0,yes
1777500090,680000.0,yes
5603800110,586000.0,yes
1777600490,675000.0,yes
6072300110,550000.0,yes
6072400820,525000.0,yes
7805450110,736000.0,yes
8562800250,596000.0,yes
6071900130,550000.0,yes
1672000020,711800.0,yes
6072650290,560000.0,yes
6067910130,526000.0,yes
2141330050,760000.0,yes
1672000170,575000.0,yes
9346930250,668500.0,yes
2202500255,335000.0,yes
2600000050,690000.0,yes
6071300500,550000.0,yes
6072760670,652450.0,yes
2202500080,248000.0,yes
6071200545,541125.0,yes
1951700480,524400.0,yes
6071800480,271950.0,yes
2201500185,397500.0,yes
2206500430,525000.0,yes
2205500080,483300.0,yes
643300010,365000.0,yes
2141300080,707000.0,yes
1687900170,648000.0,yes
6072500050,560000.0,yes
9346910500,700000.0,yes
2202500290,435000.0,yes
6073200020,485000.0,yes
1777600450,730000.0,yes
6071800410,500000.0,yes
6071200375,466000.0,yes
2205500540,365000.0,yes
2206700215,550000.0,yes
6071200195,621000.0,yes
2141310820,689000.0,yes
2141340040,649950.0,yes
6072760210,437850.0,yes
2206700165,450000.0,yes
4246000180,433000.0,yes
2600010360,440000.0,yes
3447000090,653000.0,yes
1777600230,610000.0,yes
6072760360,665000.0,yes
9346930100,610000.0,yes
2141300620,550000.0,yes
2201500450,473000.0,yes
6071300030,464500.0,yes
6071200400,510000.0,yes
3447000060,577500.0,yes
9346920070,583000.0,yes
2205500335,420000.0,yes
2424059116,740000.0,yes
9346920260,646000.0,yes
2206700070,435000.0,yes
2204500550,425000.0,yes
2600110710,602000.0,yes
2600110560,750000.0,yes
6071800310,558000.0,yes
2592200030,650000.0,yes
2600040160,753000.0,yes
2141330560,671500.0,yes
2207000060,500000.0,yes
6071300550,600000.0,yes
7856601040,745000.0,yes
6071000030,610000.0,yes
6072300800,595000.0,yes
2824059128,510000.0,yes
2203500140,320000.0,yes
6071400710,648000.0,yes
6071000310,622000.0,yes
3447000030,510000.0,yes
2206500550,375000.0,yes
6070500055,599000.0,yes
2141330700,555000.0,yes
2206500105,290000.0,yes
6072100790,648000.0,yes
7856620910,627500.0,yes
643300210,610000.0,yes
4036100175,689000.0,yes
2205500355,455000.0,yes
5566100205,515000.0,yes
1777600880,582000.0,yes
6071600450,496600.0,yes
1115700040,713500.0,yes
6071400360,550000.0,yes
9323610180,720000.0,yes
5056500210,539950.0,yes
2600030210,681000.0,yes
1777600210,590000.0,yes
2141330360,625000.0,yes
2201500555,385000.0,yes
5566100145,499950.0,yes
6071300180,525000.0,yes
6072000910,480000.0,yes
6705120540,462370.0,yes
2206500395,417000.0,yes
4034900065,459900.0,yes
7856700920,699900.0,yes
5566100170,650000.0,yes
2204500480,551100.0,yes
9346960050,660000.0,yes
6072400280,619850.0,yes
2211700290,538000.0,yes
9346900170,615000.0,yes
2212250080,592100.0,yes
2201500440,345000.0,yes
6071700020,515000.0,yes
7856560480,635000.0,yes
2201500680,501000.0,yes
9346950050,625000.0,yes
2206700280,390000.0,yes
6072000380,505000.0,yes
2201500980,450000.0,yes
7856560380,760000.0,yes
6072650250,555000.0,yes
2141320230,710000.0,yes
3459410230,590000.0,yes
1951800040,488800.0,yes
1951800580,590000.0,yes
2206500110,508450.0,yes
2600100300,623000.0,yes
5495200040,610000.0,yes
4139660040,760000.0,yes
2205700180,545000.0,yes
2024059059,693000.0,yes
2202500025,550000.0,yes
2206500300,565000.0,yes
5448300150,550000.0,yes
2141310580,707000.0,yes
2201501015,430000.0,yes
643300180,665000.0,yes
6705120100,460000.0,yes
6071200455,550000.0,yes
1777600900,710000.0,yes
643300040,719521.0,yes
7374600060,550000.0,yes
1562100030,515000.0,yes
2159900060,451101.0,yes
4040200490,461000.0,yes
793200100,360000.0,yes
2207100405,423000.0,yes
2207200820,413107.0,yes
1562200380,560000.0,yes
2207200675,419000.0,yes
6751300130,510500.0,yes
4040600190,509500.0,yes
6751300255,470000.0,yes
2159900020,445000.0,yes
2207200405,460000.0,yes
2207100650,499990.0,yes
7923300310,495000.0,yes
4040400200,527500.0,yes
7923700030,490000.0,yes
646500070,420000.0,yes
4040400340,460000.0,yes
6751100125,472000.0,yes
6751300065,518000.0,yes
4039400410,525000.0,yes
7923300230,479000.0,yes
2159900120,419000.0,yes
7923700020,450000.0,yes
4038400130,412000.0,yes
2207200635,439800.0,yes
4038300010,390000.0,yes
8617000020,485000.0,yes
8838900167,542500.0,yes
4039400430,330000.0,yes
2207100165,475000.0,yes
4039300490,400000.0,yes
324059076,430000.0,yes
1944900090,462000.0,yes
4040500100,539000.0,yes
7923600330,520000.0,yes
7923700330,510000.0,yes
2207100740,463000.0,yes
6751100205,450000.0,yes
8857320070,490000.0,yes
7375300160,530000.0,yes
4040800810,420000.0,yes
259600260,345000.0,yes
686201000,538200.0,yes
4037200295,525000.0,yes
4039100400,515000.0,yes
8563000520,529219.0,yes
3298201290,370000.0,yes
8857320260,462000.0,yes
4038100110,480000.0,yes
4036800805,523000.0,yes
4037800015,480000.0,yes
4040800090,390000.0,yes
4037200735,430000.0,yes
4040800600,502000.0,yes
4037400430,478000.0,yes
7922900380,538000.0,yes
4039000050,516130.0,yes
7430500415,540000.0,yes
259600280,400000.0,yes
9328500630,545000.0,yes
3298300130,474905.0,yes
4038700190,527000.0,yes
3275750290,480000.0,yes
4036800170,453000.0,yes
4037400280,502550.0,yes
8563010420,450000.0,yes
4037200585,394950.0,yes
3298300210,435000.0,yes
259600790,500000.0,yes
3625059140,515000.0,yes
4038000040,250000.0,yes
259600330,465000.0,yes
3298300530,351000.0,yes
8563000770,490000.0,yes
4040700310,416000.0,yes
4036801245,385000.0,yes
7375100070,491000.0,yes
686400060,521000.0,yes
4036800370,455000.0,yes
3298400350,312500.0,yes
4037400070,450000.0,yes
259800640,500000.0,yes
4037500335,455000.0,yes
4037000160,506000.0,yes
9557300560,530000.0,yes
8857320030,515000.0,yes
259800060,445000.0,yes
4038000055,425000.0,yes
3298200320,445000.0,yes
7922800160,511555.0,yes
4037500230,400000.0,yes
4038500330,432000.0,yes
3298200790,475000.0,yes
4038400040,520000.0,yes
7752000065,537000.0,yes
4038100360,466200.0,yes
7923000360,538000.0,yes
4040800120,447000.0,yes
4039500610,440000.0,yes
3298200620,358000.0,yes
4040800360,420000.0,yes
1952000150,530000.0,yes
8563000250,522500.0,yes
4037000635,485000.0,yes
4040800050,415000.0,yes
4037800020,497500.0,yes
4038200480,480000.0,yes
4037700285,415000.0,yes
8155500020,530000.0,yes
3298400470,437400.0,yes
4037000080,416000.0,yes
259800680,534000.0,yes
8857320130,472000.0,yes
4037000185,395000.0,yes
8563030500,539950.0,yes
4036800900,447000.0,yes
8563000110,427000.0,yes
4037200690,458450.0,yes
8857320120,542000.0,yes
7923200150,537000.0,yes
6189600040,443000.0,yes
7751800115,425000.0,yes
224059021,450000.0,yes
1521069070,204000.0,yes
6151800624,288349.0,yes
2822079012,340000.0,yes
7123400045,225000.0,yes
8100000090,256000.0,yes
7574000100,350000.0,yes
844001140,206000.0,yes
2522069064,135000.0,yes
2421069039,340000.0,yes
844000425,199999.0,yes
1021079099,345000.0,yes
2025600280,241400.0,yes
844001485,320900.0,yes
844000180,200000.0,yes
4233400490,262000.0,yes
4391600065,330000.0,yes
4068300160,263500.0,yes
3622069050,212644.0,yes
1421069117,240000.0,yes
1421069123,214000.0,yes
6151800612,162000.0,yes
6151800606,235000.0,yes
844000225,267000.0,yes
3222079136,213000.0,yes
7574000080,355500.0,yes
5636010280,269950.0,yes
421069081,337000.0,yes
844000375,335000.0,yes
844001145,208500.0,yes
5255710160,465000.0,yes
1387301360,411800.0,yes
6075000050,323000.0,yes
9522600120,449000.0,yes
1826059042,402000.0,yes
726059349,460000.0,yes
526059103,325000.0,yes
626059155,315000.0,yes
1387301740,370900.0,yes
9567800435,465000.0,yes
526059199,398000.0,yes
7697800040,470000.0,yes
5651010150,435000.0,yes
826059152,435000.0,yes
6204200180,443000.0,yes
968000120,395000.0,yes
1387301350,402000.0,yes
3798000130,468000.0,yes
1524800005,325000.0,yes
6204200590,410000.0,yes
8096600100,455000.0,yes
7016100120,440000.0,yes
4045500710,405000.0,yes
8658303585,252500.0,yes
1437500015,150000.0,yes
8658300480,299800.0,yes
4046700210,345000.0,yes
8655900100,230950.0,yes
4046700140,340000.0,yes
8658303080,312000.0,yes
8658303265,300000.0,yes
8658300455,225000.0,yes
8649400410,375000.0,yes
8649400790,160000.0,yes
2626119028,160000.0,yes
2130702075,316000.0,yes
2131701240,349950.0,yes
7349800780,175000.0,yes
2130410050,287000.0,yes
2131701020,317000.0,yes
2130700860,375000.0,yes
2131200885,360000.0,yes
1558100398,350000.0,yes
2129700142,201000.0,yes
1326069151,260000.0,yes
4047200655,336900.0,yes
2131700900,283700.0,yes
2130400150,340000.0,yes
5437810320,269950.0,yes
3620069036,265000.0,yes
5437820310,218000.0,yes
1917300260,210000.0,yes
7710100083,225000.0,yes
4102000075,275000.0,yes
2420069017,152900.0,yes
898000200,219950.0,yes
1163400070,220000.0,yes
1645000310,235000.0,yes
5706500140,205500.0,yes
3520069033,230000.0,yes
2420069251,262000.0,yes
8005100025,195000.0,yes
5602000025,251000.0,yes
6802200100,271900.0,yes
2320069206,219000.0,yes
853000261,197500.0,yes
5595900090,250000.0,yes
2938100010,239000.0,yes
5595900280,235000.0,yes
9321010130,278500.0,yes
2372800050,220000.0,yes
8029200190,227000.0,yes
2938200170,265000.0,yes
8661000089,199950.0,yes
1320069163,243000.0,yes
5602000275,259950.0,yes
5437810360,224500.0,yes
2520069100,275000.0,yes
2781320100,245000.0,yes
2938200040,224950.0,yes
6018500120,210000.0,yes
8005100360,169900.0,yes
8661000148,270000.0,yes
898000220,262500.0,yes
8005100540,215000.0,yes
3701900085,169000.0,yes
1645000100,188000.0,yes
6802210450,272950.0,yes
2620069077,215000.0,yes
5595900355,257100.0,yes
1917300105,216500.0,yes
1645000710,255000.0,yes
2220069196,253500.0,yes
5602000105,265000.0,yes
920069053,201000.0,yes
5595900316,231000.0,yes
2120069003,220000.0,yes
8005100571,215000.0,yes
1645000097,249000.0,yes
7575500040,180000.0,yes
2372800145,219950.0,yes
6802210210,273000.0,yes
2320069107,185000.0,yes
5595900210,195000.0,yes
8078050040,250000.0,yes
1163400020,251000.0,yes
5437820250,187000.0,yes
1320069249,192500.0,yes
2420069242,175000.0,yes
2938100005,264950.0,yes
7575500080,202000.0,yes
5437800020,225000.0,yes
8091600080,225000.0,yes
1871400585,160000.0,yes
1920079039,269500.0,yes
2420069268,184900.0,yes
2320069089,212000.0,yes
920069052,243950.0,yes
5706500385,200000.0,yes
2372800100,245000.0,yes
6142100090,279000.0,yes
1099611230,199000.0,yes
8731951370,269000.0,yes
100600550,226500.0,yes
7972000200,264950.0,yes
8945200860,180000.0,yes
5029450160,222000.0,yes
8731901940,218000.0,yes
9510900270,254000.0,yes
100600860,237500.0,yes
1788700160,195000.0,yes
4388000140,194000.0,yes
8732131200,258000.0,yes
8581200030,230000.0,yes
8581200350,187500.0,yes
8731900340,264000.0,yes
3279000240,232500.0,yes
8581200160,193000.0,yes
5028600550,262000.0,yes
8945300200,207500.0,yes
5560000710,210000.0,yes
9510900710,267345.0,yes
1099610260,212000.0,yes
1788700295,172000.0,yes
8732160240,223000.0,yes
8731951130,250250.0,yes
5029450850,205000.0,yes
2188200785,196000.0,yes
5029450110,215000.0,yes
8731902680,218000.0,yes
4168000110,207000.0,yes
8731901810,260000.0,yes
9542800820,235000.0,yes
109210280,220000.0,yes
7205000080,268000.0,yes
9542801990,266500.0,yes
2557000630,266000.0,yes
4388000460,195000.0,yes
9211500010,210000.0,yes
8732030080,230000.0,yes
9320900420,89000.0,yes
1898600050,257500.0,yes
1099600250,260000.0,yes
3306300630,212000.0,yes
9202000080,215000.0,yes
1788900380,185000.0,yes
9269750460,247000.0,yes
3279000460,196500.0,yes
8945100050,222000.0,yes
1099600010,210000.0,yes
2421039075,195000.0,yes
1788300020,183500.0,yes
1099600090,205000.0,yes
8731982550,245000.0,yes
5560001130,200000.0,yes
7137800300,228950.0,yes
8945300090,205950.0,yes
9510900360,260000.0,yes
8945300110,196000.0,yes
1321039076,209950.0,yes
8731982250,268500.0,yes
6386700110,245000.0,yes
1938400040,246000.0,yes
8732040820,247000.0,yes
5029450200,265000.0,yes
395800370,246600.0,yes
8731801260,234000.0,yes
5557500270,262000.0,yes
4388000260,200000.0,yes
4167100240,252000.0,yes
4167700240,268450.0,yes
2337300370,175000.0,yes
1788700070,170000.0,yes
248000240,219000.0,yes
109200390,250000.0,yes
9324300030,264500.0,yes
8731982470,245000.0,yes
1788800910,190000.0,yes
8945300040,225000.0,yes
8731800210,235000.0,yes
8945100530,172380.0,yes
9324320040,220000.0,yes
1099750610,231500.0,yes
8732020770,263850.0,yes
121039038,169000.0,yes
5153200666,212000.0,yes
5029460180,260000.0,yes
9211520150,236000.0,yes
9211500150,235000.0,yes
6386600170,217000.0,yes
5560000480,169950.0,yes
1938400010,244000.0,yes
7972000010,195000.0,yes
8732130680,210000.0,yes
1503200050,252000.0,yes
8945300290,160000.0,yes
8731982630,240000.0,yes
2791500020,250500.0,yes
1788700185,198500.0,yes
5557800010,261350.0,yes
4168100130,230000.0,yes
7956300020,206000.0,yes
8731801190,269000.0,yes
5029450290,230000.0,yes
6386600130,218000.0,yes
8944300010,230000.0,yes
8732160250,204250.0,yes
4168100020,209950.0,yes
9264900880,263000.0,yes
2599700040,160000.0,yes
8731950910,227000.0,yes
8732040180,245000.0,yes
5560000540,223000.0,yes
5557700210,192500.0,yes
1788700230,191000.0,yes
104510230,252000.0,yes
9211500230,263000.0,yes
8731960540,242000.0,yes
1099600620,160000.0,yes
9320901250,133400.0,yes
3306200230,147000.0,yes
1324079041,275000.0,yes
6893300350,439900.0,yes
6893300295,445000.0,yes
2475901105,291000.0,yes
3980300020,340000.0,yes
3224079005,255000.0,yes
2481200140,330000.0,yes
1324079082,295000.0,yes
943100683,335000.0,yes
943100689,324950.0,yes
2617300160,420000.0,yes
2423069155,460000.0,yes
623069068,425000.0,yes
723069135,499000.0,yes
3324069070,195000.0,yes
8650000070,495000.0,yes
5561300640,532000.0,yes
5561401260,508000.0,yes
2724069117,380000.0,yes
5710600030,500000.0,yes
5561200310,525000.0,yes
5561301280,410000.0,yes
2354300740,551000.0,yes
5706201140,533250.0,yes
5279100625,248000.0,yes
5561401110,460000.0,yes
1523069086,395000.0,yes
723069049,379000.0,yes
5706200280,382500.0,yes
5561300380,450000.0,yes
2323069073,439500.0,yes
3424069145,343000.0,yes
5706200020,455000.0,yes
5279100675,313000.0,yes
2323069022,390000.0,yes
5279100680,240000.0,yes
1924069071,485000.0,yes
9412200660,395000.0,yes
2223069120,440000.0,yes
2623069031,542500.0,yes
7524950870,565000.0,yes
2523069146,349900.0,yes
2223069112,465000.0,yes
3388300730,550388.0,yes
5561100431,510000.0,yes
9414500200,410000.0,yes
8137500400,545000.0,yes
2617300200,532000.0,yes
1823069155,525888.0,yes
1423069129,449000.0,yes
9414610320,463000.0,yes
5710610520,454900.0,yes
5706200370,550000.0,yes
9414610240,485000.0,yes
2323069053,420000.0,yes
9414610070,502775.0,yes
1523069197,379880.0,yes
2524069072,243800.0,yes
5561300540,492000.0,yes
2354300456,130000.0,yes
2724069103,389000.0,yes
3024079057,410000.0,yes
8137500730,500000.0,yes
1423069077,570000.0,yes
1523069151,380000.0,yes
1423069063,464950.0,yes
1623069071,475000.0,yes
5528600050,546000.0,yes
2824069180,385000.0,yes
5561000420,490000.0,yes
8041100010,377000.0,yes
2523069134,495000.0,yes
3224069026,330000.0,yes
9412200080,440000.0,yes
5561000430,470000.0,yes
2294900010,478000.0,yes
5561000190,437500.0,yes
9412200280,450000.0,yes
9414500480,503000.0,yes
1523069022,300000.0,yes
5706201470,525000.0,yes
5561300980,500000.0,yes
2724069169,499900.0,yes
1423069076,560000.0,yes
5561401530,550000.0,yes
3424069076,360000.0,yes
5706202070,511100.0,yes
9412200730,369300.0,yes
3388300590,535000.0,yes
5561000330,525000.0,yes
9412200330,427500.0,yes
9414500230,440000.0,yes
723069013,255500.0,yes
3424069066,396450.0,yes
9202650040,401000.0,yes
114101516,310000.0,yes
5634500392,330000.0,yes
3649100320,330000.0,yes
8718500075,396000.0,yes
4140900140,438000.0,yes
7297700055,306000.0,yes
2570500090,385000.0,yes
3649100315,418800.0,yes
3949600090,335000.0,yes
6179900090,415000.0,yes
8718500495,375000.0,yes
3582750280,347000.0,yes
3582750170,410000.0,yes
5628400080,420000.0,yes
3824100235,425000.0,yes
3649100306,379900.0,yes
3579700100,389000.0,yes
3815500035,385000.0,yes
2570500230,400000.0,yes
3649100276,368000.0,yes
1357300240,333500.0,yes
3816300105,435000.0,yes
3818700016,434000.0,yes
114100354,249000.0,yes
3582750120,409000.0,yes
5631500905,272925.0,yes
114100297,400000.0,yes
5634500182,396000.0,yes
114101426,375000.0,yes
8045600130,425000.0,yes
4140500050,362000.0,yes
3818700190,387846.0,yes
3649100346,322968.0,yes
4189800050,335000.0,yes
766900250,406000.0,yes
3818700185,400000.0,yes
6181700250,350000.0,yes
3579800405,440000.0,yes
3649100031,345000.0,yes
5631501161,425000.0,yes
3824100211,370000.0,yes
8718500610,379950.0,yes
3905040800,533600.0,yes
3904901200,530000.0,yes
3904910520,505000.0,yes
8079100370,574000.0,yes
3904901670,455000.0,yes
3904901450,445000.0,yes
3904910480,490000.0,yes
3904910050,515000.0,yes
3905040220,525000.0,yes
3904920600,560000.0,yes
3905081530,571500.0,yes
3904990570,496700.0,yes
8665050220,459000.0,yes
3905100630,500000.0,yes
3905040780,520000.0,yes
3905100840,500000.0,yes
808000070,206600.0,yes
1922059135,250000.0,yes
7697920160,245000.0,yes
273900030,267500.0,yes
3830620710,206135.0,yes
2005300140,220000.0,yes
5420300270,231500.0,yes
7697870310,266000.0,yes
3830630140,275000.0,yes
9183702251,280000.0,yes
7697870600,158000.0,yes
3830630090,265000.0,yes
1330280100,178000.0,yes
7140200380,275000.0,yes
7140200280,250000.0,yes
807800190,245000.0,yes
5412310080,235000.0,yes
5540000010,259950.0,yes
1922059027,282510.0,yes
8700110020,273000.0,yes
3830210020,168000.0,yes
3826501060,267000.0,yes
5412310170,177000.0,yes
2459000020,258000.0,yes
8091401030,240000.0,yes
2005600090,160000.0,yes
9183703045,275000.0,yes
7140200330,190000.0,yes
1612500090,225800.0,yes
8091410530,270000.0,yes
1164000040,226800.0,yes
3830610320,241000.0,yes
7942300070,229900.0,yes
1657000070,250000.0,yes
3814701090,267000.0,yes
5412300410,248000.0,yes
7140200450,272000.0,yes
1922059010,140000.0,yes
293600080,280000.0,yes
274000020,274000.0,yes
6829900080,275000.0,yes
8133300050,200500.0,yes
3512100050,139000.0,yes
7140200250,200000.0,yes
2822059091,213500.0,yes
3830620300,253000.0,yes
7697850360,245000.0,yes
1922059401,275000.0,yes
5468000180,244950.0,yes
5412300100,240000.0,yes
722059070,235000.0,yes
5419800510,268500.0,yes
5115000160,242000.0,yes
3387900390,255000.0,yes
5412200270,288400.0,yes
3110800260,274700.0,yes
1862900160,265900.0,yes
2873000260,150000.0,yes
6648701420,205000.0,yes
739800070,265000.0,yes
2796100160,250000.0,yes
5126950340,252000.0,yes
3831200200,172040.0,yes
8732000390,246500.0,yes
1761300850,271000.0,yes
1761300110,260000.0,yes
6700400110,223000.0,yes
8025700590,215000.0,yes
8731730590,242150.0,yes
2873000780,255000.0,yes
2787320430,264000.0,yes
8802400896,204995.0,yes
2953000250,275000.0,yes
2212200500,269500.0,yes
2796100680,275000.0,yes
8960200630,248000.0,yes
6624010170,246000.0,yes
2212210660,204000.0,yes
2787320620,222000.0,yes
6700390210,245000.0,yes
8802400411,249000.0,yes
2953000090,244900.0,yes
3831200210,280000.0,yes
1761300100,279950.0,yes
5419800330,240000.0,yes
3110800030,230000.0,yes
739500270,227950.0,yes
9320700400,285000.0,yes
8099200030,232000.0,yes
1761300340,251750.0,yes
2787311480,253000.0,yes
3388000640,220000.0,yes
8731730710,215000.0,yes
6648701740,270000.0,yes
922059020,242025.0,yes
522059158,230000.0,yes
3110800040,269900.0,yes
1355000220,243000.0,yes
3388000040,260000.0,yes
2893000610,252000.0,yes
6669150790,265000.0,yes
8732000410,272000.0,yes
5412200180,285000.0,yes
9513900050,237000.0,yes
9122500080,275000.0,yes
1420400130,215000.0,yes
739500050,260000.0,yes
6624010010,259500.0,yes
6457000080,269900.0,yes
2787311190,252500.0,yes
1557000190,240000.0,yes
5466700290,288000.0,yes
5252000170,250000.0,yes
739820050,250000.0,yes
5419800090,217500.0,yes
2212210360,253000.0,yes
1862900690,257500.0,yes
5466700450,250000.0,yes
6648700150,285000.0,yes
2787311110,273148.0,yes
3276980120,275000.0,yes
8078550610,279000.0,yes
8802400906,244000.0,yes
8857600960,205000.0,yes
3832200070,250000.0,yes
1310500550,248000.0,yes
1950900245,123300.0,yes
3828000405,176500.0,yes
5335700110,234000.0,yes
1951100110,240000.0,yes
7523700245,240000.0,yes
8075400100,221700.0,yes
4324500490,215000.0,yes
9835800750,247000.0,yes
3832710680,215000.0,yes
3832710840,250000.0,yes
1863900225,226450.0,yes
7523700305,243400.0,yes
9835800840,215000.0,yes
8857600780,158550.0,yes
1555300010,203000.0,yes
4324500180,182000.0,yes
3686900025,249000.0,yes
1555300490,250000.0,yes
8857600490,201500.0,yes
7149410060,165000.0,yes
1951600240,185000.0,yes
2722049092,240000.0,yes
7523700210,205000.0,yes
1253200170,250000.0,yes
2222049108,227000.0,yes
1950900005,185000.0,yes
6146600170,100000.0,yes
1863900190,202000.0,yes
9197100101,225000.0,yes
6146600420,229950.0,yes
6146600185,160000.0,yes
8075400360,239000.0,yes
3832500230,245000.0,yes
1951100100,180000.0,yes
8857600220,178500.0,yes
3832300090,215000.0,yes
1238500451,130000.0,yes
2423020260,461000.0,yes
3902300350,606000.0,yes
3886902590,470000.0,yes
8680100030,374000.0,yes
2591020140,475000.0,yes
1246700152,335000.0,yes
2591010240,405000.0,yes
6816300060,426000.0,yes
3893100327,355000.0,yes
3888100226,461000.0,yes
7555220140,675000.0,yes
9170500060,649000.0,yes
3756100160,678000.0,yes
3041700090,555565.0,yes
1086100100,476500.0,yes
1238501116,478000.0,yes
1233100601,360000.0,yes
925059113,490000.0,yes
925059198,514000.0,yes
1235700042,537000.0,yes
4151800375,660000.0,yes
4151800195,650000.0,yes
4151800470,675000.0,yes
2591010290,285000.0,yes
1720800305,611900.0,yes
1245003375,658000.0,yes
3699100130,495000.0,yes
4151800420,657500.0,yes
3039000050,575000.0,yes
1088030010,464625.0,yes
2273600250,500000.0,yes
3039000020,450000.0,yes
3885805640,625000.0,yes
1245001763,670000.0,yes
3300760020,595000.0,yes
3759500006,610000.0,yes
2273600460,536000.0,yes
802000130,490000.0,yes
3226059071,426000.0,yes
1245500250,555500.0,yes
325059126,565000.0,yes
1245003255,615000.0,yes
3886903155,606000.0,yes
3900500110,627000.0,yes
1236300146,570000.0,yes
3901100015,460000.0,yes
3902300100,522000.0,yes
6743700015,392800.0,yes
8679600150,581000.0,yes
6402700110,585000.0,yes
1233100720,399000.0,yes
1246700136,405000.0,yes
1245002445,670000.0,yes
1759701600,465000.0,yes
1420700030,597157.0,yes
3863800030,463800.0,yes
1088020070,645000.0,yes
1472700200,630000.0,yes
6400700189,390000.0,yes
3888100117,510000.0,yes
3888100030,410000.0,yes
1233100260,490000.0,yes
8099600160,488500.0,yes
2273600260,628000.0,yes
6743700030,540000.0,yes
785000040,472500.0,yes
7420100040,525000.0,yes
2591010040,468000.0,yes
3041700035,609950.0,yes
925059219,664000.0,yes
6400700220,450000.0,yes
2273600410,546000.0,yes
1238501099,470000.0,yes
6608500220,410000.0,yes
3902310210,610000.0,yes
2591010180,379000.0,yes
3764500230,661000.0,yes
3764500180,615000.0,yes
3902300210,607000.0,yes
8679400130,353000.0,yes
3897100170,370000.0,yes
5487300020,464550.0,yes
1087900050,560000.0,yes
3755500080,510000.0,yes
2128000050,625000.0,yes
7424600020,620000.0,yes
1235700073,660000.0,yes
1246700050,370000.0,yes
7420200050,623000.0,yes
1236300307,565000.0,yes
6633900050,575000.0,yes
1245500725,675000.0,yes
6633900170,595000.0,yes
3039000010,420000.0,yes
7419700010,665000.0,yes
3888100029,475300.0,yes
9413600010,637500.0,yes
2423020010,525000.0,yes
4045750010,624950.0,yes
5212000020,630100.0,yes
3893100319,450000.0,yes
1238500281,539000.0,yes
925059107,475000.0,yes
3902300450,630000.0,yes
1236300268,500000.0,yes
1245001295,648360.0,yes
1245001751,560000.0,yes
2128000180,600000.0,yes
3888100176,500000.0,yes
1049000060,325000.0,yes
9477200560,440000.0,yes
3191000240,400000.0,yes
8143100350,349500.0,yes
3756600240,379000.0,yes
9477201040,430000.0,yes
9477100060,445950.0,yes
3288200030,405000.0,yes
2558730070,425000.0,yes
1138000160,343000.0,yes
9477000060,434500.0,yes
2592400140,386500.0,yes
2558600060,429500.0,yes
2558650200,419950.0,yes
6706600090,402000.0,yes
8835220090,313500.0,yes
8143000490,374500.0,yes
9477001280,425000.0,yes
9477000300,425000.0,yes
3288100100,421000.0,yes
3026059014,400000.0,yes
3840700600,355000.0,yes
3876200100,439000.0,yes
1839910300,299950.0,yes
9477001270,390000.0,yes
3303230110,424000.0,yes
2558660290,437500.0,yes
6918730130,360000.0,yes
1112700130,410000.0,yes
1853200080,350000.0,yes
3581000020,350000.0,yes
1112700170,425000.0,yes
1138000250,350000.0,yes
9477001410,425500.0,yes
2121000250,303500.0,yes
3768000280,350000.0,yes
7558300170,439000.0,yes
2592400470,438000.0,yes
3211200460,389000.0,yes
2297400250,445000.0,yes
8835200330,399950.0,yes
3876000970,429300.0,yes
3715500220,386000.0,yes
3581000210,383001.0,yes
1112700150,405000.0,yes
3755000060,315500.0,yes
3876200060,382500.0,yes
9477201370,440000.0,yes
3768000030,325000.0,yes
3580900260,340000.0,yes
3876000710,405000.0,yes
1839920160,432000.0,yes
3580900200,440000.0,yes
1926059094,330000.0,yes
8835220210,355000.0,yes
7696300180,410000.0,yes
3755200220,334009.0,yes
3876000120,390000.0,yes
8944310330,375000.0,yes
2558650130,426000.0,yes
3762900130,350000.0,yes
7955050250,442500.0,yes
3755000020,342500.0,yes
1839920050,435000.0,yes
4326000190,370000.0,yes
3876300080,434400.0,yes
9477000190,445000.0,yes
9477200460,350000.0,yes
6647400250,439950.0,yes
8835210480,336500.0,yes
9477201060,380500.0,yes
3211200290,304000.0,yes
1761600050,397000.0,yes
3763300005,325000.0,yes
3211200420,300000.0,yes
1049010050,386100.0,yes
9329300040,440000.0,yes
2125410210,430000.0,yes
3755000120,360000.0,yes
3715500110,427000.0,yes
9477000650,397000.0,yes
6675500112,330000.0,yes
2783600210,445000.0,yes
1761600150,358000.0,yes
1138010220,344950.0,yes
6386200100,430000.0,yes
2558670110,419000.0,yes
722079104,314000.0,yes
2525310310,272500.0,yes
1545808560,245000.0,yes
2525300030,232000.0,yes
222069082,300000.0,yes
2322069114,287653.0,yes
2310000240,275000.0,yes
7437100570,291000.0,yes
2025700860,287000.0,yes
922069139,260000.0,yes
1545807990,315000.0,yes
2525300550,225000.0,yes
2215902010,275000.0,yes
6399600115,279000.0,yes
1545805820,274000.0,yes
2525300480,224975.0,yes
2025700130,269950.0,yes
2025700080,265000.0,yes
2310000430,284000.0,yes
1545802850,286000.0,yes
2310000380,269950.0,yes
2310000280,275000.0,yes
2085200545,180000.0,yes
2025700430,269500.0,yes
1545803340,269000.0,yes
2525300380,260656.0,yes
1545803980,239000.0,yes
2525310040,206000.0,yes
1545803520,251000.0,yes
1545807810,118000.0,yes
1545801970,250000.0,yes
4396000530,290000.0,yes
2215900180,270000.0,yes
2215900800,290000.0,yes
2025701360,260000.0,yes
4123800260,257700.0,yes
2310030390,275000.0,yes
2525300200,215000.0,yes
2525310320,290000.0,yes
2215901230,254000.0,yes
2025700200,265000.0,yes
2025700270,260250.0,yes
1022069050,207000.0,yes
2025701530,282000.0,yes
1545804240,252000.0,yes
2215900410,323000.0,yes
2025700730,287200.0,yes
5111400081,280000.0,yes
4396000180,267500.0,yes
1545807920,245000.0,yes
2025700790,290700.0,yes
2525300540,185000.0,yes
2310000250,190000.0,yes
1441300130,319000.0,yes
2025701190,295000.0,yes
2310000440,279950.0,yes
2215901190,254000.0,yes
5111400086,110000.0,yes
1545806720,254950.0,yes
2025701390,316000.0,yes
2215900900,295000.0,yes
2025700740,275250.0,yes
2215900930,225000.0,yes
1545806960,295000.0,yes
2025701080,305000.0,yes
422069067,276500.0,yes
1545808960,237500.0,yes
1545807180,190000.0,yes
3262300940,940000.0,yes
2210500019,937500.0,yes
6447300225,1880000.0,yes
3262300235,1555000.0,yes
2525049133,1398000.0,yes
3262301355,1320000.0,yes
3262301610,865000.0,yes
5426300060,1000000.0,yes
3738000070,1712750.0,yes
2525049246,1550000.0,yes
3025300250,1620000.0,yes
3025300225,1450000.0,yes
2470200020,1880000.0,yes
2287000060,799000.0,yes
3456000310,840000.0,yes
191100045,940000.0,yes
8651600160,799000.0,yes
2287000030,811000.0,yes
4099500935,705000.0,yes
8566100200,980000.0,yes
3456000160,800000.0,yes
5458800125,925000.0,yes
4458800060,957500.0,yes
5315100737,900000.0,yes
5450900140,830000.0,yes
7365600070,762500.0,yes
3626500045,760000.0,yes
5315100806,940000.0,yes
2162000160,992000.0,yes
5315100394,604000.0,yes
5021900160,711000.0,yes
1574100025,525000.0,yes
7598100735,769000.0,yes
2288000090,980000.0,yes
5456000110,865000.0,yes
191101015,830000.0,yes
5451210100,938000.0,yes
5450300195,830000.0,yes
5021900265,659000.0,yes
5482700100,876650.0,yes
5452800735,780000.0,yes
5452800495,899100.0,yes
8651600110,939000.0,yes
5452800645,865000.0,yes
5450300010,572000.0,yes
5021900050,832500.0,yes
5454000010,740000.0,yes
5452302195,685000.0,yes
7785000010,750000.0,yes
3622910190,895000.0,yes
5021900779,785000.0,yes
1483300430,554000.0,yes
5450500010,975000.0,yes
2287000010,713400.0,yes
3625700080,987500.0,yes
4099501215,713250.0,yes
2757000040,795000.0,yes
1300300730,698000.0,yes
5021900175,500000.0,yes
4351300978,787888.0,yes
1824059079,880000.0,yes
2174503441,650000.0,yes
3307700150,950000.0,yes
2581900060,690000.0,yes
2581300055,885000.0,yes
5451200520,850000.0,yes
9350900550,890000.0,yes
321100260,896000.0,yes
7785000260,624800.0,yes
5453700140,800000.0,yes
8732300060,850000.0,yes
1923000370,947500.0,yes
2581900036,743000.0,yes
2162000260,699000.0,yes
3024059036,950000.0,yes
5459000240,785000.0,yes
5315101716,780000.0,yes
5453700060,875000.0,yes
6669200370,815000.0,yes
8566100160,840000.0,yes
191100810,870000.0,yes
5315100476,760250.0,yes
191100870,838400.0,yes
7785000220,725000.0,yes
5451220150,980000.0,yes
5451100220,780000.0,yes
5459500145,975000.0,yes
3024059044,990000.0,yes
2287000330,868500.0,yes
5451200530,825000.0,yes
1224049080,925000.0,yes
5458800330,645000.0,yes
6672900220,984000.0,yes
5460900120,989900.0,yes
4094800380,990000.0,yes
2287000280,705000.0,yes
5453700020,910000.0,yes
2162000190,693000.0,yes
7785000130,926250.0,yes
5458800415,616000.0,yes
2581900284,821000.0,yes
5454200080,968000.0,yes
8732300430,885000.0,yes
5456000280,820000.0,yes
2579500006,760000.0,yes
8563500020,780000.0,yes
5450900010,993500.0,yes
5459000305,648752.0,yes
3629200020,960000.0,yes
7785000230,970000.0,yes
6666800180,715000.0,yes
8651200040,950000.0,yes
5315100667,571500.0,yes
2174503500,550000.0,yes
5459500100,680000.0,yes
1224049095,959000.0,yes
1274500060,204000.0,yes
1796360350,255000.0,yes
7942100310,232000.0,yes
8648200030,260000.0,yes
1865820370,166600.0,yes
8648220270,291500.0,yes
1795500240,249500.0,yes
1865810060,267500.0,yes
1842900030,234000.0,yes
2329800240,285000.0,yes
5469300270,234000.0,yes
3728800320,264000.0,yes
2618300350,199000.0,yes
2916620240,264950.0,yes
1796381070,270000.0,yes
8651441620,210000.0,yes
5470100270,225000.0,yes
8651443480,282000.0,yes
8651410090,209000.0,yes
8092501240,219950.0,yes
8651401270,203000.0,yes
1796351080,208000.0,yes
8651400750,209950.0,yes
1274500300,200000.0,yes
2916600110,214946.0,yes
4178500100,282500.0,yes
322059097,269900.0,yes
1156000100,246700.0,yes
1796370930,260000.0,yes
2522059112,248500.0,yes
8651440740,219000.0,yes
7942200050,261000.0,yes
2212900470,186000.0,yes
8651400680,179000.0,yes
2618300080,242500.0,yes
3222069153,286900.0,yes
7942100290,199000.0,yes
2212900920,215000.0,yes
8651430780,178000.0,yes
8651442810,152000.0,yes
8651443190,199500.0,yes
2329800430,254000.0,yes
1274500420,234000.0,yes
8651402910,176000.0,yes
8651401680,198000.0,yes
2868900020,215000.0,yes
2618300190,255000.0,yes
1796360080,237950.0,yes
2222059099,215000.0,yes
8648210050,280000.0,yes
4030500130,243500.0,yes
4178500440,279900.0,yes
8651402660,175409.0,yes
1022059123,250000.0,yes
1796350300,195000.0,yes
5470100220,222000.0,yes
8651410740,189000.0,yes
1796360870,225000.0,yes
8092700230,249950.0,yes
2422059111,291000.0,yes
4178500300,269000.0,yes
8651411460,214000.0,yes
2212900180,220000.0,yes
1796370150,240000.0,yes
4053200410,273000.0,yes
7942100180,230000.0,yes
8651401720,215000.0,yes
5469300330,275000.0,yes
1796370730,259900.0,yes
8651442510,220000.0,yes
8651443360,195700.0,yes
6600400270,202000.0,yes
2550820060,280000.0,yes
4051100390,240000.0,yes
1274500700,237200.0,yes
322059264,279000.0,yes
1796360340,269950.0,yes
8651411070,180000.0,yes
8651410240,209000.0,yes
1796380060,253000.0,yes
8648210140,265000.0,yes
2329800140,291000.0,yes
6600400260,201000.0,yes
8651441290,195000.0,yes
6600400370,215000.0,yes
1795500060,198400.0,yes
5547500070,216000.0,yes
1796200140,270000.0,yes
3622059157,205000.0,yes
8651411420,218000.0,yes
9412700160,255000.0,yes
5466750140,270000.0,yes
1796360370,257000.0,yes
8651443420,280000.0,yes
4051110240,225000.0,yes
1796370180,260000.0,yes
8092501400,209950.0,yes
2212901010,229950.0,yes
8651410330,215150.0,yes
2122059077,198900.0,yes
8651440230,229999.0,yes
8092700220,280000.0,yes
2722059183,218500.0,yes
8651400730,191000.0,yes
8651441520,220000.0,yes
8651410120,225500.0,yes
2569600150,235000.0,yes
8651442060,214950.0,yes
8651402700,202950.0,yes
4051100230,240000.0,yes
2916610150,274950.0,yes
4178501020,276750.0,yes
8651441210,230000.0,yes
4311700120,105000.0,yes
8651430870,177000.0,yes
8651441750,174950.0,yes
8651442880,205000.0,yes
2722059215,239000.0,yes
5547500050,255000.0,yes
1796361100,265000.0,yes
8651442910,247500.0,yes
1796350080,239950.0,yes
7614100020,265000.0,yes
2722059292,129000.0,yes
8651402750,219950.0,yes
8651440780,231000.0,yes
6600410290,207500.0,yes
6600410170,124740.0,yes
8651410670,189950.0,yes
8651410190,179950.0,yes
8651430220,183000.0,yes
8651430210,217000.0,yes
7763400035,253500.0,yes
8651400580,195000.0,yes
1796381120,219000.0,yes
5470100090,210000.0,yes
8092500720,230000.0,yes
3222069156,270000.0,yes
1796380330,249900.0,yes
4178500150,289000.0,yes
1865820300,205000.0,yes
621069154,226000.0,yes
7846700310,280000.0,yes
9407001860,372000.0,yes
7795400046,276900.0,yes
7334501250,325000.0,yes
323089134,350000.0,yes
7334501410,299500.0,yes
8572900275,286000.0,yes
9407001330,355000.0,yes
9407001340,320000.0,yes
9407001500,270000.0,yes
1623089039,275000.0,yes
323089095,380000.0,yes
9407001790,290000.0,yes
7795810110,390000.0,yes
8570900162,193500.0,yes
1223089050,280000.0,yes
7334400070,392000.0,yes
7334401040,271000.0,yes
8570900023,255000.0,yes
9407000990,239900.0,yes
7334500120,240000.0,yes
9407001320,295000.0,yes
9407101850,345000.0,yes
9407000920,234000.0,yes
9407100500,273000.0,yes
7334501300,308000.0,yes
323089005,240000.0,yes
9407000230,240000.0,yes
3134100116,470000.0,yes
3126069068,485000.0,yes
3426059070,570000.0,yes
8562501040,452000.0,yes
8121200810,585000.0,yes
1494300060,522000.0,yes
7197300105,550000.0,yes
3404700041,550000.0,yes
7436900045,383000.0,yes
7199340310,509250.0,yes
7199360090,478000.0,yes
8965000110,455000.0,yes
8860300300,610000.0,yes
1115800110,524000.0,yes
2193310300,510000.0,yes
8562700090,462600.0,yes
8562500690,581000.0,yes
5422560900,450000.0,yes
1036400110,605000.0,yes
1036000080,525000.0,yes
1425059178,460000.0,yes
7524400250,589950.0,yes
8087800020,412500.0,yes
569000050,565000.0,yes
2896000680,600000.0,yes
7211300050,472000.0,yes
2413900050,599000.0,yes
8562600190,550000.0,yes
8087800480,480000.0,yes
5422560380,499000.0,yes
5422560470,440000.0,yes
7199100020,555000.0,yes
9512500460,525000.0,yes
7558750190,573000.0,yes
1330900250,550000.0,yes
8087800430,602000.0,yes
2790400380,560000.0,yes
8563020380,519900.0,yes
1473000020,416000.0,yes
2155000290,550000.0,yes
7955040130,460000.0,yes
1237500120,300000.0,yes
7105600085,500000.0,yes
1828001130,545000.0,yes
1795900360,615000.0,yes
7525100530,432100.0,yes
1508210230,567000.0,yes
1237500540,270000.0,yes
7199320600,588000.0,yes
8045000180,585888.0,yes
7202000220,426000.0,yes
5422570760,445000.0,yes
8917100180,583000.0,yes
1925069183,425000.0,yes
7200001254,550000.0,yes
686530110,599000.0,yes
8644300200,555000.0,yes
193600200,440000.0,yes
5422560860,450000.0,yes
7199330370,385000.0,yes
8121200700,579000.0,yes
9475200030,499000.0,yes
8861700030,510000.0,yes
7199340560,460000.0,yes
200800200,595000.0,yes
7955040160,495000.0,yes
8045000340,565000.0,yes
5490220030,580000.0,yes
2909700070,455500.0,yes
5422560810,406500.0,yes
7525100060,497000.0,yes
5422570260,405000.0,yes
7309100070,600000.0,yes
9512501370,544300.0,yes
7201900370,440000.0,yes
3585220340,402000.0,yes
8860310240,505000.0,yes
7205850030,566000.0,yes
8044200200,401000.0,yes
2193310320,595000.0,yes
9413500350,450000.0,yes
8917100206,442000.0,yes
6811000220,510000.0,yes
8861500065,599500.0,yes
7199340620,532000.0,yes
2561360120,475000.0,yes
7200001005,593777.0,yes
2193340120,572000.0,yes
7200001608,540000.0,yes
8126300610,436800.0,yes
1025059186,438000.0,yes
2193320210,552500.0,yes
4376800010,610000.0,yes
1842300050,600000.0,yes
2525059134,500000.0,yes
7201800280,409950.0,yes
5422560660,407000.0,yes
1474000050,437000.0,yes
9512500380,455000.0,yes
7199310170,518000.0,yes
7199310290,583500.0,yes
23520380,539000.0,yes
23520190,490000.0,yes
3379100130,507000.0,yes
7199330480,361500.0,yes
200800480,552321.0,yes
8644300170,600000.0,yes
5490210670,449950.0,yes
339600190,420000.0,yes
2790410250,615000.0,yes
7199340480,495000.0,yes
2525059127,445000.0,yes
3404700080,476800.0,yes
8563050110,592500.0,yes
1036400100,600000.0,yes
2896000450,607000.0,yes
1828000620,452000.0,yes
7525100590,382000.0,yes
7199350600,568500.0,yes
8121610110,521000.0,yes
203100460,400000.0,yes
1525069058,568000.0,yes
8807600140,405000.0,yes
203100435,484000.0,yes
3811000180,635000.0,yes
8807300130,330000.0,yes
7511200190,580000.0,yes
8807810660,350000.0,yes
203900610,339000.0,yes
8807810090,335000.0,yes
9508850120,602000.0,yes
8906200070,280000.0,yes
3340401555,235000.0,yes
3294700310,261000.0,yes
8899200570,280000.0,yes
3340401535,140000.0,yes
7399300860,290000.0,yes
3294700030,280950.0,yes
6623400217,250000.0,yes
7471900045,287500.0,yes
1723059050,290300.0,yes
7231502505,220000.0,yes
7224000315,256000.0,yes
5070000100,205000.0,yes
7225000090,245000.0,yes
522059013,173000.0,yes
7399300850,290000.0,yes
7224500300,221000.0,yes
2475200080,268000.0,yes
7839300185,225000.0,yes
5438000080,264950.0,yes
5672000020,272000.0,yes
8093600065,205000.0,yes
2923059064,199000.0,yes
522059172,220000.0,yes
8899200110,235000.0,yes
740500070,265000.0,yes
8899000310,288000.0,yes
5438000160,213400.0,yes
2892700041,238000.0,yes
6623400193,257000.0,yes
5365200040,235000.0,yes
7224000450,230000.0,yes
7399300120,260000.0,yes
87000006,275000.0,yes
3294700101,295000.0,yes
7224500010,253000.0,yes
3223059173,275000.0,yes
7399300420,255000.0,yes
3276200280,296500.0,yes
2892600056,216000.0,yes
740500040,265000.0,yes
5070000120,269950.0,yes
7231300125,345000.0,yes
1332700270,215000.0,yes
3542300060,210000.0,yes
3343901234,341500.0,yes
7227500830,151000.0,yes
8062900070,369000.0,yes
3449500135,276900.0,yes
7227501170,235867.0,yes
3205000310,345000.0,yes
1066600045,350000.0,yes
3291800510,310000.0,yes
428000055,322500.0,yes
418000310,155000.0,yes
9476700135,300000.0,yes
3276180140,365000.0,yes
7227801955,162000.0,yes
7236500025,306000.0,yes
7227501645,230000.0,yes
3343903640,249000.0,yes
8805400090,289000.0,yes
7227501745,368000.0,yes
7227501450,240000.0,yes
7227800110,315000.0,yes
3342100785,235000.0,yes
5358300100,346150.0,yes
1839500115,320000.0,yes
1061500110,240000.0,yes
421000215,208000.0,yes
7236100025,280000.0,yes
8074200100,266000.0,yes
3205100110,379600.0,yes
421000285,268000.0,yes
418000010,227450.0,yes
2854800095,292600.0,yes
3291800780,375000.0,yes
7227500020,259950.0,yes
422000010,299950.0,yes
421000185,200000.0,yes
9476200680,226000.0,yes
9476200545,270000.0,yes
421000430,225000.0,yes
7789000080,253905.0,yes
8011100050,350000.0,yes
7227502155,208000.0,yes
7227800660,300000.0,yes
8805400010,275500.0,yes
3343901188,300000.0,yes
7809200005,292000.0,yes
192000120,320000.0,yes
3268000040,339900.0,yes
9202500150,355000.0,yes
424500100,189900.0,yes
428000150,269950.0,yes
419000015,299950.0,yes
345700040,315000.0,yes
1839500065,279000.0,yes
1061400360,280000.0,yes
425400115,237000.0,yes
7227500865,141800.0,yes
425200205,165000.0,yes
7227500450,222900.0,yes
3343900781,299000.0,yes
420000085,238000.0,yes
421000555,200000.0,yes
8948500025,380000.0,yes
3343900120,380000.0,yes
2064800600,367500.0,yes
9476200485,261490.0,yes
7227500910,139000.0,yes
423000035,225000.0,yes
2854800090,307150.0,yes
7227501765,265000.0,yes
425200145,265000.0,yes
823059185,326000.0,yes
425400070,238000.0,yes
9225900055,380000.0,yes
3342102220,327000.0,yes
3343901242,335000.0,yes
8074200160,265000.0,yes
1061500510,350000.0,yes
7227800055,247000.0,yes
7789200070,235000.0,yes
3342100685,283000.0,yes
7227801580,232000.0,yes
6882200140,275000.0,yes
421000465,269500.0,yes
3291800140,230000.0,yes
8062900030,275000.0,yes
418000145,213800.0,yes
425000230,150000.0,yes
418000330,199950.0,yes
7788400065,317000.0,yes
3343300644,343000.0,yes
428100580,350000.0,yes
9476200150,231500.0,yes
2720000120,295000.0,yes
5592900230,320000.0,yes
1061400180,240000.0,yes
7809200035,290000.0,yes
2457200040,280000.0,yes
3343901848,313100.0,yes
7236300065,275000.0,yes
424500035,250000.0,yes
425000175,208950.0,yes
3344500183,375000.0,yes
421000455,253200.0,yes
1061500360,287000.0,yes
3343901183,340000.0,yes
8074200175,274000.0,yes
8074200185,370000.0,yes
1061500630,359900.0,yes
428000225,237000.0,yes
8074200080,305000.0,yes
8026200080,372000.0,yes
9476200290,190000.0,yes
823059145,321000.0,yes
9476200020,254000.0,yes
1332700010,305000.0,yes
3343901440,379000.0,yes
3342102385,376000.0,yes
3205000050,358000.0,yes
418000415,191000.0,yes
421000500,209995.0,yes
7227501190,250000.0,yes
3449500035,322000.0,yes
5592900205,380000.0,yes
7227500740,217000.0,yes
3291800120,262500.0,yes
8074400035,315000.0,yes
2457200120,359000.0,yes
9476200650,245000.0,yes
7227800180,325000.0,yes
425000065,180000.0,yes
3342103149,380000.0,yes
419000035,187000.0,yes
7236100015,259000.0,yes
9476200580,250000.0,yes
7227800040,190000.0,yes
923059206,374000.0,yes
1332700200,359000.0,yes
1332700020,278000.0,yes
1332700030,293000.0,yes
1432701230,309000.0,yes
1432900240,205000.0,yes
8960000030,215000.0,yes
2473251090,269900.0,yes
1432400335,288000.0,yes
2473420140,315000.0,yes
2473400340,320000.0,yes
2460700260,300000.0,yes
1431700370,290000.0,yes
5112800421,225500.0,yes
2473400570,317000.0,yes
5113200310,270000.0,yes
2473251180,255000.0,yes
5126900310,150000.0,yes
2473381090,270000.0,yes
1423400260,273000.0,yes
2473250850,318500.0,yes
2817800100,328950.0,yes
2221000100,310000.0,yes
2473372250,312500.0,yes
5126900405,169500.0,yes
1432600100,218000.0,yes
2473101140,314950.0,yes
5104450690,320000.0,yes
1423600300,249950.0,yes
7932000078,310000.0,yes
2473350470,330000.0,yes
1432600415,215000.0,yes
2473101190,279950.0,yes
1432400525,195000.0,yes
8645501330,255000.0,yes
1423800380,309950.0,yes
8645511350,300000.0,yes
1432400095,175000.0,yes
5112800233,289000.0,yes
2473380010,265000.0,yes
2473100010,279000.0,yes
1328330190,320000.0,yes
2473420170,320000.0,yes
1423800080,225000.0,yes
1328330290,328000.0,yes
1423400005,249950.0,yes
2473381150,325000.0,yes
1328330430,299000.0,yes
6752300120,258900.0,yes
5126900100,150000.0,yes
1432900150,320000.0,yes
5126400150,239950.0,yes
4010800110,305100.0,yes
8856890330,300000.0,yes
984100340,296000.0,yes
8645500270,246000.0,yes
7229210060,299950.0,yes
2323059074,137124.0,yes
2473100510,275000.0,yes
2460700030,335000.0,yes
2473250400,325000.0,yes
1432400570,254000.0,yes
1328300990,317000.0,yes
2473101070,315000.0,yes
8645500370,260000.0,yes
2473440070,270000.0,yes
2223059053,230000.0,yes
2473370890,289000.0,yes
2473101360,289900.0,yes
2473380400,319950.0,yes
1432900310,320000.0,yes
5126900200,162248.0,yes
984200540,290000.0,yes
1431600180,335000.0,yes
2473100790,255000.0,yes
8155000040,230000.0,yes
1432701510,249000.0,yes
2460700650,280000.0,yes
7229100040,300000.0,yes
5126400230,199000.0,yes
1432400120,255000.0,yes
2473001210,333000.0,yes
1328340540,335000.0,yes
3623059027,200000.0,yes
1328340630,330490.0,yes
1423700680,190000.0,yes
1433100010,312000.0,yes
2597670470,330000.0,yes
984000130,325000.0,yes
1328320280,323000.0,yes
1423900080,260000.0,yes
8960200280,249500.0,yes
1423400225,225000.0,yes
1431700280,310000.0,yes
5112800190,249000.0,yes
984210170,256500.0,yes
4406000050,225000.0,yes
1432700420,250000.0,yes
1423910670,305000.0,yes
2223059099,284000.0,yes
9189700255,165000.0,yes
1423910130,220000.0,yes
984000410,225000.0,yes
5112800210,255950.0,yes
1423900220,252000.0,yes
984220330,325000.0,yes
1328300820,329000.0,yes
984200690,299000.0,yes
984100450,295000.0,yes
2472950120,272500.0,yes
1081200350,320000.0,yes
3211100860,274250.0,yes
5127001620,315000.0,yes
4048400070,320000.0,yes
1072010350,380000.0,yes
5231000060,310000.0,yes
7230200340,305000.0,yes
1081300200,352000.0,yes
1081300370,385000.0,yes
3450300240,302000.0,yes
1023059324,235000.0,yes
9353300140,284950.0,yes
5127001600,331500.0,yes
7230000350,300000.0,yes
2787720140,416000.0,yes
3664500041,378000.0,yes
2155500030,380000.0,yes
7206900075,200000.0,yes
1072030510,415000.0,yes
3450300270,268000.0,yes
1023059223,311000.0,yes
49500090,372000.0,yes
1463400047,335000.0,yes
2787720300,410000.0,yes
7230300100,320000.0,yes
2323059184,305000.0,yes
9353300600,370000.0,yes
1471701780,374950.0,yes
9353300090,360000.0,yes
2482410130,335000.0,yes
7230400430,322400.0,yes
3450300020,329000.0,yes
4048400185,352000.0,yes
5127000420,357500.0,yes
2195900010,270000.0,yes
2787720170,395000.0,yes
323059167,259000.0,yes
5127000670,314000.0,yes
8114000020,310650.0,yes
5169700022,334950.0,yes
3450300430,317500.0,yes
5127000430,320000.0,yes
5127100190,290000.0,yes
1523059180,354900.0,yes
3243100050,250000.0,yes
2525000220,370000.0,yes
3450400330,306500.0,yes
323059146,343000.0,yes
5127000410,350000.0,yes
2787700150,365000.0,yes
1823069059,355000.0,yes
5127001320,314950.0,yes
1471700410,310000.0,yes
1523059100,320000.0,yes
9353300820,310000.0,yes
1463400081,230000.0,yes
3211100240,349000.0,yes
1081300390,330000.0,yes
2787700060,420000.0,yes
7230300060,370000.0,yes
1081310060,375000.0,yes
1081330060,375000.0,yes
7229900885,313000.0,yes
1072000240,366000.0,yes
5127001170,266200.0,yes
2739200160,333000.0,yes
1081330030,375000.0,yes
1023059190,210000.0,yes
1081200070,405000.0,yes
1081800070,425000.0,yes
3243200310,300000.0,yes
3211100570,317500.0,yes
323059208,320000.0,yes
9353301070,342500.0,yes
6061400160,330000.0,yes
5127000810,305495.0,yes
1072000400,385000.0,yes
7230400400,415500.0,yes
3211100990,410000.0,yes
5095401360,418000.0,yes
3211100730,360000.0,yes
2525000760,435000.0,yes
2787700180,320000.0,yes
7229900925,381000.0,yes
5127100210,360000.0,yes
7229900145,430000.0,yes
8114000040,310000.0,yes
1023059186,252000.0,yes
1081300450,364000.0,yes
2739200040,302000.0,yes
5095600360,329950.0,yes
3211101010,319500.0,yes
323059103,425000.0,yes
7229900975,314950.0,yes
5104220120,320000.0,yes
9353300220,285000.0,yes
7230300610,352500.0,yes
6649500040,255000.0,yes
3664500133,383000.0,yes
1823069213,249950.0,yes
7418000130,430000.0,yes
7229900285,390000.0,yes
1016000080,345000.0,yes
5104200420,320000.0,yes
5104200380,265000.0,yes
268500020,282500.0,yes
9347900020,230000.0,yes
6928000440,301950.0,yes
1471701470,293000.0,yes
7418000020,305000.0,yes
3211000170,255000.0,yes
1471701410,347950.0,yes
3211000190,310000.0,yes
2739200050,315000.0,yes
7229900005,350000.0,yes
2787700630,399000.0,yes
1623059092,270000.0,yes
5229300027,275000.0,yes
5127100100,382880.0,yes
7229700165,350000.0,yes
1081330210,410000.0,yes
5230300210,299000.0,yes
5095400040,270000.0,yes
1523059103,390000.0,yes
3793700210,299000.0,yes
3449000060,320000.0,yes
3449000300,379000.0,yes
3449000200,360000.0,yes
3449000010,294570.0,yes
5415000240,330000.0,yes
7849200945,306500.0,yes
7802900380,335000.0,yes
7849201061,319950.0,yes
7849201100,323000.0,yes
5103900015,358000.0,yes
9423800030,250000.0,yes
7849200861,281000.0,yes
3024089057,282500.0,yes
7852150220,432000.0,yes
7849201020,335000.0,yes
2624089026,275000.0,yes
9474700020,310000.0,yes
7606200090,208000.0,yes
7802900504,454000.0,yes
3124089060,282000.0,yes
2123039032,369900.0,yes
7004200060,309600.0,yes
3523029041,290000.0,yes
5341600030,255000.0,yes
2817100570,453000.0,yes
3123039089,252000.0,yes
3023039066,329500.0,yes
2817100900,256500.0,yes
8550001515,429592.0,yes
3522029031,363750.0,yes
2817100430,389000.0,yes
3123039063,303000.0,yes
2923039217,350000.0,yes
8887001640,416500.0,yes
222029026,340000.0,yes
792500190,410000.0,yes
2551500220,330000.0,yes
522039103,310000.0,yes
3523029077,297000.0,yes
8887001600,280000.0,yes
7558800570,367000.0,yes
1422029117,319000.0,yes
792500260,430000.0,yes
2023039045,295000.0,yes
2817100040,355000.0,yes
8887001215,407185.0,yes
1269200150,358000.0,yes
2551500180,295000.0,yes
2051200506,390000.0,yes
3623029034,230000.0,yes
3874400380,445000.0,yes
2122039137,462500.0,yes
1535204365,428000.0,yes
3223039149,395000.0,yes
3123039042,383000.0,yes
5216200090,385000.0,yes
9517200030,365500.0,yes
9465910070,480000.0,yes
7214820030,475000.0,yes
1775801260,425000.0,yes
7955030060,345000.0,yes
1775800510,432000.0,yes
7214810550,420000.0,yes
1775800710,315500.0,yes
9238500100,495000.0,yes
1775800740,414250.0,yes
1137300690,369900.0,yes
8078370010,470000.0,yes
8078700020,474900.0,yes
1775930440,479000.0,yes
1775800420,474000.0,yes
3876810170,329000.0,yes
1775800280,310000.0,yes
1774000780,469500.0,yes
126059018,395000.0,yes
9517200180,375000.0,yes
1775800220,410988.0,yes
255000320,450000.0,yes
3876820140,373000.0,yes
9144300060,350000.0,yes
1326059070,390000.0,yes
1136100045,494950.0,yes
1775900140,400000.0,yes
1774000030,395000.0,yes
1775801090,465000.0,yes
1775800860,469500.0,yes
9560800040,485000.0,yes
126059021,200000.0,yes
1770000330,500000.0,yes
1226059101,502000.0,yes
1775920210,374000.0,yes
3876313040,468000.0,yes
1774000050,480500.0,yes
3876313170,436000.0,yes
1774000330,437000.0,yes
3244500037,510000.0,yes
9144300120,374500.0,yes
1775800750,344000.0,yes
6054650070,400000.0,yes
6054650510,347000.0,yes
8644400060,568000.0,yes
7715801040,465000.0,yes
7504400850,442000.0,yes
1925069006,355000.0,yes
1825069031,550000.0,yes
6817800630,385000.0,yes
3578401060,625000.0,yes
2872900280,540000.0,yes
8078410280,550000.0,yes
6817801150,555000.0,yes
3578400780,508800.0,yes
3575303970,340000.0,yes
3575304895,406550.0,yes
7504001080,590000.0,yes
8562901250,516000.0,yes
6600220150,549950.0,yes
3325069060,510000.0,yes
8644400040,605000.0,yes
7715801030,510000.0,yes
8562900310,615000.0,yes
7504180070,577000.0,yes
3575301550,560000.0,yes
3575200030,549000.0,yes
8562900180,491300.0,yes
1939120540,640000.0,yes
8562901830,454800.0,yes
8653600050,572000.0,yes
3575302880,339300.0,yes
3575304017,315000.0,yes
3575302759,365000.0,yes
6600220300,600000.0,yes
3575303700,324950.0,yes
3578401210,557000.0,yes
8562901010,505000.0,yes
7527200030,700000.0,yes
8099900260,544500.0,yes
629600030,630000.0,yes
1024069037,525000.0,yes
3570000160,610000.0,yes
1024069162,562000.0,yes
8099800590,456000.0,yes
524069049,700000.0,yes
424069088,406430.0,yes
3276930050,699950.0,yes
3276930380,675000.0,yes
224069102,615000.0,yes
3570000130,580379.0,yes
424069150,607500.0,yes
6791100280,430000.0,yes
424069130,584999.0,yes
8649900480,725000.0,yes
224069010,653450.0,yes
924069176,710000.0,yes
9201000120,650000.0,yes
424069096,460000.0,yes
6790900110,563000.0,yes
824069188,645000.0,yes
8099900490,420000.0,yes
7300200400,682000.0,yes
224069114,635000.0,yes
124069032,600000.0,yes
224069105,650100.0,yes
8099900040,519950.0,yes
424069010,625000.0,yes
7527200360,545000.0,yes
1724069043,739888.0,yes
6791100410,432000.0,yes
7525410120,624500.0,yes
7300200290,650000.0,yes
6791000050,550000.0,yes
6791000280,476000.0,yes
1024069063,620000.0,yes
324069058,568000.0,yes
1774220160,632925.0,yes
7214700350,521000.0,yes
1726069084,465000.0,yes
7214700160,610000.0,yes
626100023,600000.0,yes
1771110640,367500.0,yes
1726069179,432000.0,yes
1771100240,361000.0,yes
1726069051,306000.0,yes
1771110550,320000.0,yes
1771110090,316000.0,yes
1771100130,332900.0,yes
1926069063,585000.0,yes
826069127,483000.0,yes
1626069178,535000.0,yes
1774200190,580000.0,yes
1626069069,600000.0,yes
1026069172,540000.0,yes
1774230300,615000.0,yes
1771100360,320000.0,yes
1774220400,591000.0,yes
1771110070,325000.0,yes
126059225,525000.0,yes
7214710210,570000.0,yes
1771000540,325000.0,yes
1771100440,360000.0,yes
9492800020,425000.0,yes
926069142,480000.0,yes
1771000970,330000.0,yes
1771000760,319000.0,yes
1626069220,562000.0,yes
826069184,535000.0,yes
926069009,649950.0,yes
2599001200,305000.0,yes
3668000070,212000.0,yes
3327020400,289999.0,yes
4366700140,241000.0,yes
7137900320,224500.0,yes
1313500070,249000.0,yes
3327000140,235000.0,yes
7137900960,235000.0,yes
2599200160,295450.0,yes
2599200830,226740.0,yes
4239400960,143000.0,yes
3410600015,250000.0,yes
7968460110,280000.0,yes
3298600850,235000.0,yes
4239400740,192950.0,yes
1683600130,245000.0,yes
1682000280,240000.0,yes
7749500250,265000.0,yes
1685200190,203000.0,yes
1721059230,265953.0,yes
3298600440,260000.0,yes
3668000670,200000.0,yes
2721059173,204555.0,yes
2599200460,294000.0,yes
1685200020,203000.0,yes
4239400730,152000.0,yes
304000530,185000.0,yes
1683600120,220000.0,yes
1424100100,183000.0,yes
2599001500,235000.0,yes
1921069059,250000.0,yes
3668000830,229950.0,yes
1683500140,225000.0,yes
1682000350,148226.0,yes
7749500160,220000.0,yes
921059200,216000.0,yes
3668000810,218500.0,yes
4312700340,178000.0,yes
1843200350,150000.0,yes
7968460240,257000.0,yes
1682000160,206000.0,yes
3977630270,206990.0,yes
520069032,267300.0,yes
4312700200,195000.0,yes
2377000040,288000.0,yes
1721059218,271675.0,yes
7749500970,267500.0,yes
4239410220,210000.0,yes
3521059042,255500.0,yes
2212700180,260000.0,yes
2599001010,196000.0,yes
1683500180,234000.0,yes
3903200050,263950.0,yes
2599000130,247200.0,yes
3668000500,260000.0,yes
1565100010,225000.0,yes
3977630130,146300.0,yes
321059091,299950.0,yes
4239400840,152500.0,yes
1683600110,230000.0,yes
7524600120,250000.0,yes
7950700110,224000.0,yes
4239400300,90000.0,yes
5031300011,299500.0,yes
2212600040,229500.0,yes
1685200110,225000.0,yes
1313500090,229999.0,yes
4137020820,268000.0,yes
9390700100,390000.0,yes
1952200220,660000.0,yes
4086300065,670000.0,yes
2025049114,402000.0,yes
2025049028,403950.0,yes
2025049206,399950.0,yes
2025049203,399950.0,yes
6865200140,485000.0,yes
9468200125,480000.0,yes
3797001895,481000.0,yes
9521101455,548000.0,yes
3363900111,437500.0,yes
4310700570,280300.0,yes
3797001920,310000.0,yes
9468200140,450000.0,yes
993002325,430000.0,yes
1529300160,405000.0,yes
3797000830,425000.0,yes
3362900696,415000.0,yes
9465200181,475000.0,yes
5540800100,245000.0,yes
6431500283,409500.0,yes
3797000300,405000.0,yes
263000164,425000.0,yes
263000291,433500.0,yes
3362400615,400000.0,yes
3226049478,430000.0,yes
6430500010,547000.0,yes
7821200307,515000.0,yes
1972202005,475000.0,yes
6430500293,395000.0,yes
3797000680,549000.0,yes
3797001815,532500.0,yes
9232900050,300000.0,yes
1324300091,370000.0,yes
1972201856,526000.0,yes
3363400655,549000.0,yes
6431500280,393000.0,yes
1931300425,539000.0,yes
2708100130,550000.0,yes
1529300115,455000.0,yes
6046400755,475000.0,yes
3363900155,470000.0,yes
6430500008,428750.0,yes
7821200375,432000.0,yes
91000320,393000.0,yes
1923800135,495000.0,yes
1529300135,338000.0,yes
1172000135,446000.0,yes
3626039250,283000.0,yes
6430000070,355000.0,yes
1923300135,365000.0,yes
6431000196,519000.0,yes
9523102420,535000.0,yes
1172000150,238000.0,yes
9136103026,539000.0,yes
3362401935,549000.0,yes
9521101520,543000.0,yes
6813600365,527950.0,yes
1930301540,390000.0,yes
3797002160,409950.0,yes
1931300815,550000.0,yes
3797000330,471001.0,yes
263000155,418000.0,yes
8021701115,549000.0,yes
9266701085,409950.0,yes
9266700256,470000.0,yes
3362400472,403000.0,yes
1529300410,365000.0,yes
3797000035,430000.0,yes
1931300870,355000.0,yes
9266700175,415000.0,yes
2917200675,340000.0,yes
2306400010,500000.0,yes
4310701330,415000.0,yes
3975400190,509000.0,yes
6431500122,520000.0,yes
1532300155,425000.0,yes
9465200405,412000.0,yes
9550200650,499000.0,yes
6430500219,415000.0,yes
3226049054,526500.0,yes
1972201161,435000.0,yes
6865200981,517000.0,yes
1997200245,540000.0,yes
9266700190,245000.0,yes
7171200445,550700.0,yes
2436701180,671500.0,yes
8818900060,664000.0,yes
8816400885,450000.0,yes
925049360,512000.0,yes
8813400245,635000.0,yes
9191201790,556000.0,yes
9550202870,417000.0,yes
3856905010,565000.0,yes
3856902250,593500.0,yes
8827900015,501000.0,yes
8818900300,618000.0,yes
6746700605,530000.0,yes
6338000014,625000.0,yes
6338000592,565000.0,yes
8827900690,600000.0,yes
9191200015,613200.0,yes
2436700315,441500.0,yes
3179100720,602000.0,yes
9191201250,580000.0,yes
3856901880,514000.0,yes
2862100260,540000.0,yes
8819900055,503000.0,yes
1797501275,665000.0,yes
1928300350,570000.0,yes
6746700565,447000.0,yes
8827900560,655000.0,yes
1928300640,541000.0,yes
2436700800,620000.0,yes
3589500260,550000.0,yes
2436200320,577000.0,yes
9191200435,471000.0,yes
2862100205,469950.0,yes
9550202700,460000.0,yes
3131201563,435000.0,yes
2436700540,665000.0,yes
9191200380,550000.0,yes
8813400345,575000.0,yes
9550204450,651000.0,yes
4206901435,650000.0,yes
8714600145,540000.0,yes
9191201385,505400.0,yes
2436700395,621000.0,yes
8827901415,613000.0,yes
8813400165,675000.0,yes
9191201325,534000.0,yes
8812401450,660000.0,yes
6338000493,675000.0,yes
2436200025,580000.0,yes
3298700125,280000.0,yes
4302200336,300000.0,yes
3298701066,240000.0,yes
1591000015,260000.0,yes
3574300250,294000.0,yes
2113700825,172000.0,yes
4303200184,230000.0,yes
7899800450,107000.0,yes
3298700302,287000.0,yes
2113701080,300000.0,yes
1773101050,290000.0,yes
3438500796,310000.0,yes
3438501662,270000.0,yes
3438500677,305000.0,yes
3298700012,295000.0,yes
2112700370,199400.0,yes
3298700671,260000.0,yes
3438500798,275000.0,yes
9284802825,312000.0,yes
3438503014,230000.0,yes
2113700360,315000.0,yes
9485700175,310000.0,yes
3438501020,308500.0,yes
2112700845,270000.0,yes
3438501150,300000.0,yes
2112700280,295000.0,yes
3298700305,271000.0,yes
3298701025,135000.0,yes
2114700460,249000.0,yes
7891600165,295000.0,yes
2769600560,529000.0,yes
1176001195,375000.0,yes
2767600171,440000.0,yes
2768100690,513000.0,yes
7550801220,450000.0,yes
2768301214,395000.0,yes
7550800945,526000.0,yes
2768100545,499000.0,yes
1324300290,485000.0,yes
3019300050,445000.0,yes
2769602475,490000.0,yes
475000080,515000.0,yes
1175000073,500000.0,yes
2769602840,450000.0,yes
2768301490,402000.0,yes
1175000110,506000.0,yes
2516000475,455000.0,yes
452001280,529950.0,yes
2767600921,405000.0,yes
452001860,503000.0,yes
2516000486,402500.0,yes
1176000390,448000.0,yes
9287801455,484950.0,yes
1982201345,440000.0,yes
7551300065,425000.0,yes
2768100040,515000.0,yes
2768300650,453000.0,yes
1819800286,460000.0,yes
1175001135,424000.0,yes
2769602710,517950.0,yes
2767603165,500000.0,yes
452001310,500000.0,yes
2767600920,465000.0,yes
1819800042,460000.0,yes
2768100205,519000.0,yes
1025039168,290000.0,yes
2861100030,265000.0,yes
7883603750,337000.0,yes
2741100800,315000.0,yes
5141000685,320000.0,yes
3679401110,332000.0,yes
7883604065,210000.0,yes
7549802600,335000.0,yes
3058600050,285000.0,yes
5680000545,330000.0,yes
13002495,295000.0,yes
2685600090,345000.0,yes
1708400370,339000.0,yes
13001215,130000.0,yes
7883608693,191000.0,yes
7549801565,311000.0,yes
7883603965,315000.0,yes
7883604095,255000.0,yes
3732800525,300000.0,yes
13001795,319500.0,yes
7883605900,315450.0,yes
7883601155,240000.0,yes
5141000571,267000.0,yes
5457300478,453500.0,yes
809002435,725000.0,yes
5244801230,682000.0,yes
809000820,494400.0,yes
1698900195,710000.0,yes
5244800125,650000.0,yes
5244801275,410500.0,yes
1929300415,710000.0,yes
5244801255,705000.0,yes
6819100040,631500.0,yes
3303700376,667000.0,yes
5016001535,725000.0,yes
4385700765,850000.0,yes
8712100575,915000.0,yes
9828700200,831000.0,yes
2125049139,895000.0,yes
3592500565,880000.0,yes
8080400045,600000.0,yes
3204300860,820000.0,yes
5016002180,780000.0,yes
5318100504,524000.0,yes
6788200931,710000.0,yes
1337800855,885000.0,yes
3204300090,640000.0,yes
9828700900,549000.0,yes
6788201015,690000.0,yes
9828702890,760000.0,yes
2125049120,770000.0,yes
5707500050,739375.0,yes
6003001760,675000.0,yes
5015000190,690500.0,yes
1339300025,809000.0,yes
6788200360,727000.0,yes
1344300045,500000.0,yes
8805900570,808000.0,yes
5015000700,563225.0,yes
9209900335,463000.0,yes
8712100720,785000.0,yes
5016001285,750000.0,yes
5016001325,605000.0,yes
8141200080,680000.0,yes
5016002275,610000.0,yes
9828700235,669000.0,yes
8722101100,739000.0,yes
8712100530,895000.0,yes
6788201781,886000.0,yes
5016001619,699999.0,yes
9212900260,468000.0,yes
9215400105,450000.0,yes
2710600045,460000.0,yes
5101405124,435000.0,yes
3188100400,530000.0,yes
6392003490,433500.0,yes
8815400105,500000.0,yes
5101402482,520000.0,yes
434000030,555000.0,yes
2464400340,381500.0,yes
7920100025,450000.0,yes
8024201270,365000.0,yes
3544400236,494000.0,yes
9137101353,489000.0,yes
442000015,445000.0,yes
5101404563,561500.0,yes
6844702690,476500.0,yes
8024201503,475000.0,yes
9547205225,540000.0,yes
9547201155,567500.0,yes
5100402668,495000.0,yes
6820100010,415000.0,yes
5100404030,523000.0,yes
3856900005,535000.0,yes
3908100020,540000.0,yes
3692900010,445000.0,yes
2754700170,443500.0,yes
1868901815,547000.0,yes
6914700130,520500.0,yes
2887702070,490000.0,yes
3423600065,540000.0,yes
5101400838,450000.0,yes
3658700690,480000.0,yes
1868903130,542000.0,yes
9000025,496000.0,yes
5207200360,420000.0,yes
5100402644,525000.0,yes
2979800845,501000.0,yes
5100402782,511000.0,yes
5101401816,505000.0,yes
2887701420,489000.0,yes
1995200200,415000.0,yes
3735901600,435000.0,yes
1797500435,570000.0,yes
5430300106,460000.0,yes
5101402435,539000.0,yes
9222400565,474000.0,yes
5100403754,420000.0,yes
6884800262,535000.0,yes
8024201525,427000.0,yes
2887700875,344000.0,yes
9221400335,570000.0,yes
5100402767,397000.0,yes
9547200790,518000.0,yes
6844700975,529100.0,yes
9528102060,516000.0,yes
2887700995,530000.0,yes
1566100450,505000.0,yes
2887701251,392800.0,yes
5100404761,547500.0,yes
5652601155,564000.0,yes
2710600080,525000.0,yes
1566100130,319000.0,yes
5100401315,395000.0,yes
5652600427,420000.0,yes
3543900380,395000.0,yes
446000010,508500.0,yes
1868900285,552000.0,yes
6392003810,530000.0,yes
7974200777,531000.0,yes
8024201210,550000.0,yes
1868900395,500000.0,yes
7177300735,546000.0,yes
5100402310,425000.0,yes
2979800750,552000.0,yes
9221400600,462000.0,yes
6820100035,493000.0,yes
2887701970,425000.0,yes
5210200184,452000.0,yes
925049318,475000.0,yes
8024202380,418000.0,yes
2755200040,492000.0,yes
9547202950,564000.0,yes
5102400025,450000.0,yes
7177300090,395000.0,yes
3187600100,570000.0,yes
2313900510,532500.0,yes
9393700140,420000.0,yes
952002765,460000.0,yes
312000135,483945.0,yes
952005224,409000.0,yes
9280200030,490000.0,yes
2313900560,554000.0,yes
6384500581,555000.0,yes
5014000100,537000.0,yes
2600300110,555000.0,yes
7905200037,515000.0,yes
2313900165,479200.0,yes
7936000252,521000.0,yes
2391600165,475000.0,yes
585000008,460000.0,yes
6385000025,521450.0,yes
9393700110,430000.0,yes
5708500208,412000.0,yes
5014000215,454000.0,yes
5019500215,495000.0,yes
9276201190,480000.0,yes
9161100795,476900.0,yes
6372000101,483500.0,yes
2056100275,530000.0,yes
7905200381,483000.0,yes
2391600555,406500.0,yes
3505100297,505000.0,yes
2391601010,425000.0,yes
5398600075,523500.0,yes
1021000060,550500.0,yes
513000445,554950.0,yes
3389900800,395000.0,yes
7905200310,545000.0,yes
324000370,502000.0,yes
7905200230,330000.0,yes
3488300085,435000.0,yes
148000450,399000.0,yes
9393700065,515000.0,yes
952001765,558000.0,yes
8608900205,565500.0,yes
3010300415,383000.0,yes
7577700185,550000.0,yes
2391602500,512500.0,yes
7579200715,400000.0,yes
7905200130,345000.0,yes
9278200095,465000.0,yes
5505700020,400000.0,yes
7905200365,550000.0,yes
9274200850,464050.0,yes
5014000120,430000.0,yes
7589200193,535000.0,yes
546000875,460000.0,yes
6021501685,352000.0,yes
579003610,517500.0,yes
1254200075,460000.0,yes
2919702075,532500.0,yes
2919700885,459000.0,yes
461002025,501000.0,yes
7588700204,520000.0,yes
4443801160,420000.0,yes
2688100075,488000.0,yes
4443800810,443725.0,yes
8082400100,535000.0,yes
4443800110,456500.0,yes
7518501390,473000.0,yes
2877101340,426000.0,yes
7518502490,515000.0,yes
7518504291,535000.0,yes
461004195,457500.0,yes
2919701105,422000.0,yes
3626039228,408000.0,yes
5309101050,489950.0,yes
6825100015,437000.0,yes
9268200300,490000.0,yes
3052700855,470000.0,yes
2919701944,474000.0,yes
9268200600,413500.0,yes
2856102280,538000.0,yes
9165100130,450000.0,yes
458000235,525000.0,yes
7818700480,314200.0,yes
4172100050,524950.0,yes
7519001990,361500.0,yes
1623800440,499922.0,yes
4443801495,470000.0,yes
7519001825,455000.0,yes
7588700177,310000.0,yes
2856100185,365000.0,yes
7518502960,395000.0,yes
106000015,435000.0,yes
5309100515,537000.0,yes
1646502165,480000.0,yes
9268200315,456000.0,yes
2117700065,306950.0,yes
7518505070,402000.0,yes
5200100115,540000.0,yes
2028701165,430000.0,yes
1588600110,450000.0,yes
461002050,450000.0,yes
1232001070,485000.0,yes
6638900550,396000.0,yes
3501600135,437500.0,yes
4443800960,520000.0,yes
9144100126,489900.0,yes
1232001480,445000.0,yes
2877102180,505000.0,yes
7589700106,460000.0,yes
2880100240,439950.0,yes
2914700310,398000.0,yes
4449800681,450000.0,yes
9144100158,445000.0,yes
9164100040,390000.0,yes
3727800065,425000.0,yes
1588600040,365000.0,yes
7518503685,402000.0,yes
4443801590,520000.0,yes
2267000730,545000.0,yes
3300701575,455000.0,yes
452001475,477000.0,yes
458000065,542000.0,yes
1862400087,475000.0,yes
7518507330,535610.0,yes
2872100385,460000.0,yes
2856100360,465000.0,yes
225039029,525000.0,yes
1254201106,524500.0,yes
2922700155,530000.0,yes
461002890,499000.0,yes
7518505910,528000.0,yes
7518505610,471000.0,yes
4443800545,545000.0,yes
2922701305,470000.0,yes
2856101479,276000.0,yes
2880100675,400000.0,yes
461005435,519000.0,yes
4449800595,545000.0,yes
7588700007,457000.0,yes
2877101310,415000.0,yes
3300701440,409000.0,yes
2356800020,416000.0,yes
7515000035,395350.0,yes
7589200165,515000.0,yes
3501600100,490000.0,yes
472000015,490000.0,yes
4443801340,480000.0,yes
2922701085,543000.0,yes
4443800785,481000.0,yes
4449800063,435000.0,yes
3693901720,535000.0,yes
4443800940,485000.0,yes
9165100375,510000.0,yes
7518507685,400000.0,yes
3332000135,315000.0,yes
2658000335,275000.0,yes
3336000791,325000.0,yes
8113101232,343000.0,yes
7130300690,308000.0,yes
3332500265,311000.0,yes
5621100115,255000.0,yes
7131300025,210000.0,yes
7129302615,292000.0,yes
402000115,263500.0,yes
3336001911,319000.0,yes
3330501545,330000.0,yes
3330500920,339950.0,yes
1604600660,350000.0,yes
3145600250,190000.0,yes
2589300170,366350.0,yes
7135300275,185000.0,yes
323049148,319000.0,yes
6882520050,250000.0,yes
717000225,235000.0,yes
6607000095,286000.0,yes
6882510020,340000.0,yes
3336001470,311000.0,yes
2658000373,305000.0,yes
3904100220,276000.0,yes
9459200110,315000.0,yes
3331500485,350000.0,yes
3330500925,258305.0,yes
3331500121,342888.0,yes
2658000215,207000.0,yes
1443500395,360000.0,yes
7400062,299800.0,yes
2123700100,353000.0,yes
3330501120,320000.0,yes
3904100065,340000.0,yes
4006000580,225000.0,yes
1109000175,370000.0,yes
3904100035,235000.0,yes
223049087,277000.0,yes
2624049050,338000.0,yes
3419600125,245000.0,yes
1314300046,308000.0,yes
7338401230,285000.0,yes
6882510060,365000.0,yes
8113101000,336000.0,yes
7129304200,200000.0,yes
3332500636,356000.0,yes
3241600150,287000.0,yes
3331001165,305000.0,yes
7129304225,305000.0,yes
7129302185,290000.0,yes
7129800063,330000.0,yes
2589300065,329900.0,yes
3331000455,230000.0,yes
7562100065,260000.0,yes
7129303180,310000.0,yes
3904100089,300000.0,yes
7950304095,257500.0,yes
3336000170,335000.0,yes
5285200020,349950.0,yes
1005000062,299000.0,yes
3031200120,255000.0,yes
1702901500,365000.0,yes
323049176,325000.0,yes
2341800195,302000.0,yes
5113400431,615000.0,yes
7443000640,460000.0,yes
3880900245,700000.0,yes
2397101270,716000.0,yes
2771601730,530000.0,yes
7011201470,625000.0,yes
4232901990,605000.0,yes
7871500685,613000.0,yes
2652500070,636000.0,yes
2652500210,608000.0,yes
6819100150,677915.0,yes
4232903265,614950.0,yes
7011201445,525000.0,yes
2397100155,589000.0,yes
2770604615,735000.0,yes
2533300025,740000.0,yes
9828202545,490000.0,yes
7234600796,495000.0,yes
2258500049,469000.0,yes
6840700165,202000.0,yes
7600057,520000.0,yes
9826701735,449950.0,yes
9818700430,421500.0,yes
1556200265,552500.0,yes
1186000150,563250.0,yes
9187200228,448175.0,yes
6841700070,510000.0,yes
9827700105,549000.0,yes
9826701345,498000.0,yes
7942600975,505000.0,yes
9818700455,518000.0,yes
1189000130,493000.0,yes
1556200145,565000.0,yes
1189000910,517000.0,yes
7234600098,552100.0,yes
1455100116,397500.0,yes
751000060,353000.0,yes
6370000070,359000.0,yes
2126049032,375000.0,yes
3226049117,387500.0,yes
6632300478,400000.0,yes
4427100105,398000.0,yes
9324800110,420000.0,yes
6381501636,320000.0,yes
8820902540,425000.0,yes
7663700261,395000.0,yes
6855700115,357250.0,yes
1787600164,310000.0,yes
3992700265,385100.0,yes
1454100056,355000.0,yes
7663700551,336000.0,yes
8820900670,399950.0,yes
7715600050,385000.0,yes
1454100480,378500.0,yes
4427100025,270000.0,yes
6381500065,376500.0,yes
5272200040,375000.0,yes
3992700775,410000.0,yes
6413100311,390000.0,yes
7663700783,369500.0,yes
3992700326,380000.0,yes
3448002267,385000.0,yes
7663700772,370000.0,yes
6414100133,337000.0,yes
705000120,395000.0,yes
8820903560,380000.0,yes
6413600285,402000.0,yes
3834500170,375000.0,yes
8632100010,365000.0,yes
751000190,355000.0,yes
9421500130,378000.0,yes
8901000491,390000.0,yes
6381500265,397000.0,yes
9324800025,325500.0,yes
4077800258,400000.0,yes
3822200087,355000.0,yes
8822900115,306000.0,yes
5667100025,405000.0,yes
6381500110,330000.0,yes
1782000160,356700.0,yes
5347200160,235000.0,yes
8122101146,320000.0,yes
7454000030,250000.0,yes
9842300485,380000.0,yes
8122600245,359000.0,yes
2349300090,340000.0,yes
2492200956,360000.0,yes
2695600195,379500.0,yes
7454000605,279000.0,yes
1782000130,383000.0,yes
8122100290,392000.0,yes
3624039073,299950.0,yes
7452500190,345000.0,yes
9284801845,354000.0,yes
9109000050,275000.0,yes
9284802045,345000.0,yes
7452500285,280000.0,yes
7312400325,275000.0,yes
9842300540,339000.0,yes
1782000180,350000.0,yes
7452500770,267500.0,yes
1782500035,357000.0,yes
1782000085,350000.0,yes
4364200015,335000.0,yes
4364200075,300000.0,yes
7312900060,235000.0,yes
4365200505,354000.0,yes
7454000990,304950.0,yes
9269200831,392000.0,yes
7454000875,299000.0,yes
8122100392,292500.0,yes
8122100160,385000.0,yes
3095000040,315000.0,yes
5550300175,285000.0,yes
4365200620,394000.0,yes
7454000555,272000.0,yes
8122100905,395000.0,yes
1394300005,361280.0,yes
1725800280,373000.0,yes
1782500095,369000.0,yes
4365200425,350000.0,yes
2492200256,357500.0,yes
4365200865,384950.0,yes
2492201005,325000.0,yes
9297300750,355000.0,yes
1755700060,371500.0,yes
4402700070,300000.0,yes
6411600069,325000.0,yes
2224700136,315000.0,yes
2026049155,372500.0,yes
2228900270,302000.0,yes
8911000030,355000.0,yes
414100295,275000.0,yes
9371700125,254000.0,yes
9371700132,374150.0,yes
6450302900,329500.0,yes
726049184,294000.0,yes
5469000100,375000.0,yes
9325800110,289950.0,yes
6149700405,210000.0,yes
1844500025,355000.0,yes
6145602355,325000.0,yes
726049202,335000.0,yes
396100025,339999.0,yes
6713700025,300000.0,yes
2644900110,370000.0,yes
173000025,316000.0,yes
6671900130,370000.0,yes
6450304600,315000.0,yes
7283900010,350000.0,yes
7282300095,295000.0,yes
5666300010,302000.0,yes
6145600285,300000.0,yes
6190701483,364000.0,yes
414100630,335000.0,yes
6150200280,375000.0,yes
6150700169,304700.0,yes
2231800020,366000.0,yes
626049091,275500.0,yes
748000145,335000.0,yes
7276100145,344950.0,yes
6145600410,290000.0,yes
3368900084,275000.0,yes
5562100325,305000.0,yes
6411600113,375000.0,yes
396100110,282613.0,yes
1926049210,372500.0,yes
6150200060,370037.0,yes
2224700045,375000.0,yes
1397300055,268500.0,yes
2916200138,375000.0,yes
2783100160,375000.0,yes
164000267,311300.0,yes
162500030,324000.0,yes
6450304260,294000.0,yes
414100045,344950.0,yes
5668500045,375000.0,yes
5469000140,373000.0,yes
6145601819,278750.0,yes
8911000445,329000.0,yes
6300000320,359950.0,yes
7287700059,367950.0,yes
6150200435,230000.0,yes
3705900124,302000.0,yes
415100085,350000.0,yes
7771300155,332500.0,yes
2291401115,349950.0,yes
1397300120,364500.0,yes
1643500072,375000.0,yes
6450304130,329950.0,yes
6300500515,350000.0,yes
8911000425,345000.0,yes
6145601995,370000.0,yes
9310300185,227000.0,yes
6300500275,350000.0,yes
6671900095,313000.0,yes
2229900020,359950.0,yes
5727500561,255544.0,yes
6145600780,335000.0,yes
1826049430,372500.0,yes
414100280,336000.0,yes
6450301310,225000.0,yes
6885900415,290000.0,yes
1074100110,355300.0,yes
162500015,362500.0,yes
6713700205,310000.0,yes
6145601745,220000.0,yes
415100015,301000.0,yes
726049131,325000.0,yes
6713700155,352500.0,yes
5745600040,359000.0,yes
558100065,254922.0,yes
9238901420,442000.0,yes
7625701891,435000.0,yes
3013301525,453500.0,yes
2493200435,360000.0,yes
2594200375,427500.0,yes
9417400215,363000.0,yes
3522900061,418000.0,yes
2461900945,438000.0,yes
7625703637,286000.0,yes
7626200280,425000.0,yes
7104100050,485000.0,yes
3013300968,416500.0,yes
4315700175,440000.0,yes
7104100065,425000.0,yes
312000295,400000.0,yes
5705500075,388000.0,yes
1090000075,393000.0,yes
4322200105,229050.0,yes
2594200350,445000.0,yes
3560800040,400000.0,yes
7625703405,431000.0,yes
2810100040,485000.0,yes
7625703065,375000.0,yes
9100000040,480000.0,yes
3123800080,365000.0,yes
7625701900,467500.0,yes
826000480,448500.0,yes
7626200235,464600.0,yes
2815600235,450600.0,yes
9557200090,399000.0,yes
3524039228,394000.0,yes
3253500160,317625.0,yes
272000125,438000.0,yes
3679400025,385000.0,yes
5393601050,445000.0,yes
7319900345,438500.0,yes
9834200950,385000.0,yes
3416601045,345000.0,yes
1250200345,230000.0,yes
3726800285,346000.0,yes
9834201100,332500.0,yes
8850000285,350000.0,yes
3881900321,339950.0,yes
1250201130,410000.0,yes
1250201194,449000.0,yes
3644100065,257000.0,yes
1822300040,420000.0,yes
3644100072,245000.0,yes
5160700035,431000.0,yes
3678900110,403000.0,yes
5312100040,400000.0,yes
3083000910,410000.0,yes
3650100105,392500.0,yes
1250200786,360000.0,yes
3644100030,432500.0,yes
1250201175,386500.0,yes
8850000180,295000.0,yes
9834200411,390000.0,yes
6738700005,395000.0,yes
6401700010,410000.0,yes
3644100073,245000.0,yes
9122000385,415000.0,yes
1695900025,450000.0,yes
84000335,225000.0,yes
7520000440,214000.0,yes
123039420,309000.0,yes
6341000221,287000.0,yes
7454001060,295000.0,yes
3275800050,242000.0,yes
123039424,303000.0,yes
6303400981,190000.0,yes
6303400520,265000.0,yes
1823049046,240000.0,yes
7454001120,285950.0,yes
723049448,279500.0,yes
1591600676,246000.0,yes
3841600220,282500.0,yes
3744600704,270000.0,yes
7211401485,285000.0,yes
7889602020,240000.0,yes
6303401150,125000.0,yes
7889600080,208000.0,yes
7907600100,287500.0,yes
9357000230,267000.0,yes
9558200025,265000.0,yes
7957600025,245000.0,yes
3123049131,244000.0,yes
6123000090,267000.0,yes
3432500486,299995.0,yes
7305300045,320000.0,yes
3500100226,340895.0,yes
6703100070,369500.0,yes
6152900273,301000.0,yes
7148700160,341000.0,yes
6703100135,348000.0,yes
3971701455,273000.0,yes
7304300570,366500.0,yes
4024101052,305500.0,yes
5490700100,310000.0,yes
4024101545,364000.0,yes
3971700940,330000.0,yes
7304300906,304000.0,yes
6163901751,291500.0,yes
2610100015,305000.0,yes
1568100215,315000.0,yes
3432500215,345000.0,yes
411100020,310000.0,yes
3235100080,260000.0,yes
408100050,329950.0,yes
4024101434,318000.0,yes
2678100005,325000.0,yes
7979900680,354500.0,yes
6139100086,350000.0,yes
6163901381,295000.0,yes
3997500130,310000.0,yes
1568100225,343000.0,yes
6668900005,266000.0,yes
2225300585,370000.0,yes
3432501295,290000.0,yes
2225300149,323000.0,yes
5589900761,315000.0,yes
7305300090,338000.0,yes
6163900821,304000.0,yes
3995700325,275000.0,yes
6163900411,310000.0,yes
6187700501,360000.0,yes
5589900400,338000.0,yes
7568700260,335900.0,yes
3971700390,368888.0,yes
3995700435,265000.0,yes
6703100140,345000.0,yes
2555900030,320000.0,yes
1568100060,355000.0,yes
3738900105,350000.0,yes
4024101670,290000.0,yes
8142000060,299000.0,yes
3432500765,320000.0,yes
3782100145,339000.0,yes
4024101451,350000.0,yes
6163900971,352450.0,yes
6632900084,360000.0,yes
3432500760,370000.0,yes
7304300760,349000.0,yes
4024101395,370000.0,yes
6163900333,338000.0,yes
7304301005,350000.0,yes
408100150,267800.0,yes
7305300760,317500.0,yes
7609700065,349810.0,yes
3972300169,195000.0,yes
4408100095,308500.0,yes
7304301045,257000.0,yes
4021100095,290000.0,yes
6163901150,346000.0,yes
7305300470,345000.0,yes
4025300285,276693.0,yes
6163901061,329000.0,yes
7418700050,299000.0,yes
1568100380,345000.0,yes
3971701300,255000.0,yes
7304300430,364000.0,yes
7304300470,375000.0,yes
1568100730,325000.0,yes
3500100015,327500.0,yes
6163901380,244000.0,yes
5589300495,310000.0,yes
6163901283,330000.0,yes
4025300360,349500.0,yes
3995700245,285000.0,yes
1568100220,350000.0,yes
4024101421,320000.0,yes
2548100180,335000.0,yes
6113400046,389999.0,yes
4330600350,315000.0,yes
616000140,315000.0,yes
936000060,310000.0,yes
616000160,381000.0,yes
9334800140,315000.0,yes
2968800626,355000.0,yes
243000335,305000.0,yes
2968801366,350000.0,yes
4330600301,218450.0,yes
6117501015,387500.0,yes
1220000100,215000.0,yes
3023049256,390000.0,yes
4331400090,270000.0,yes
4331400190,259950.0,yes
2338800161,365000.0,yes
3541600235,350000.0,yes
617000089,274000.0,yes
1148000190,249950.0,yes
243000380,365000.0,yes
4197400043,330000.0,yes
1218000025,246000.0,yes
1430800100,356000.0,yes
6117501755,355000.0,yes
1900600105,255000.0,yes
6118600045,350000.0,yes
1430800162,250000.0,yes
4338800685,299999.0,yes
1217000270,338995.0,yes
1217000340,340000.0,yes
2968801085,334000.0,yes
1900600040,265000.0,yes
1219000043,315000.0,yes
4338800720,240000.0,yes
1217000481,345000.0,yes
7635800180,320000.0,yes
1430800258,244000.0,yes
2423039122,327000.0,yes
4331000595,260000.0,yes
2968800010,275000.0,yes
1214000080,329950.0,yes
4438400050,239000.0,yes
2968800660,285000.0,yes
6117502455,375000.0,yes
1214000050,350000.0,yes
4338800500,262500.0,yes
2968800825,300000.0,yes
4337600280,229000.0,yes
4337600005,153000.0,yes
4476400275,335000.0,yes
2966800010,297000.0,yes
5006000170,293000.0,yes
2968801240,211000.0,yes
2968800645,215000.0,yes
4335000145,368000.0,yes
2968801130,360000.0,yes
2968801605,285000.0,yes
1901600090,390000.0,yes
5000500055,215000.0,yes
6082400260,231500.0,yes
795000820,220000.0,yes
7460000015,203000.0,yes
3361401025,207000.0,yes
985000950,217000.0,yes
1446403850,212000.0,yes
179000100,174000.0,yes
3028200100,216000.0,yes
923049378,207000.0,yes
2800031,235000.0,yes
6031400013,150000.0,yes
3361402041,134000.0,yes
3046200125,202000.0,yes
1446403305,206000.0,yes
1446401550,225000.0,yes
1446404015,200000.0,yes
985000833,209977.0,yes
923049110,168500.0,yes
1723049008,200000.0,yes
8019201061,235000.0,yes
42000006,235000.0,yes
923049400,185000.0,yes
796000235,209950.0,yes
1623049145,210000.0,yes
6404600006,173250.0,yes
8018600980,187250.0,yes
316000190,219000.0,yes
1447600285,212500.0,yes
3229200040,215000.0,yes
3826000735,202000.0,yes
7611200125,467000.0,yes
7280300196,550000.0,yes
7279300070,345500.0,yes
3303100075,443500.0,yes
7640400106,438400.0,yes
1158700135,420000.0,yes
106000320,401000.0,yes
2596400050,375000.0,yes
2426039130,417500.0,yes
7292700005,485000.0,yes
6384300020,494000.0,yes
126039323,417500.0,yes
1124000050,461000.0,yes
7640400250,506000.0,yes
259000100,430000.0,yes
924000040,324000.0,yes
7278100665,370000.0,yes
1526300015,397990.0,yes
259100110,540000.0,yes
9508500075,462000.0,yes
7308900445,375000.0,yes
3102700160,344900.0,yes
9540100060,330000.0,yes
923000270,405000.0,yes
1139000400,430000.0,yes
7617500075,427000.0,yes
6649900030,485000.0,yes
2759500105,419000.0,yes
930000234,525000.0,yes
6154900065,490000.0,yes
258100040,335000.0,yes
126039213,365500.0,yes
226039186,299950.0,yes
3374900035,440250.0,yes
2915200210,500000.0,yes
923000120,515000.0,yes
106000395,405000.0,yes
126039252,415000.0,yes
923000413,515000.0,yes
1124000010,500000.0,yes
9265700005,395000.0,yes
930000305,379400.0,yes
923000095,525000.0,yes
3626039028,417500.0,yes
5500100120,380000.0,yes
3626039207,522500.0,yes
126039394,525000.0,yes
4060000240,205425.0,yes
561000075,260000.0,yes
3352402236,252500.0,yes
185000118,212000.0,yes
3810000465,243000.0,yes
8068000585,235000.0,yes
7129300420,258000.0,yes
1180008315,212000.0,yes
1180007005,265950.0,yes
4058801065,272000.0,yes
7812801925,230000.0,yes
7812800681,166000.0,yes
1180002735,269000.0,yes
4279900140,251000.0,yes
3352402272,230000.0,yes
3348401622,223000.0,yes
1180005280,239950.0,yes
3352400351,200000.0,yes
1180005220,225000.0,yes
7657600005,249950.0,yes
4059400585,218000.0,yes
7689600630,216500.0,yes
4059400190,225000.0,yes
4060000290,253000.0,yes
3347401315,220000.0,yes
2144800146,257500.0,yes
5379805460,245000.0,yes
4325000125,255000.0,yes
5381000082,185000.0,yes
1003600080,245000.0,yes
422049178,147200.0,yes
4336000050,225000.0,yes
5379802181,193000.0,yes
5379805120,213000.0,yes
5379804470,170000.0,yes
5379801972,265000.0,yes
4435000490,249000.0,yes
8108600442,254000.0,yes
7147600070,219950.0,yes
7148200040,173000.0,yes
7147600220,230000.0,yes
4435600330,165000.0,yes
1001200050,259000.0,yes
5379806155,216500.0,yes
3530510041,188500.0,yes
8644000060,237000.0,yes
2008200060,160000.0,yes
3530490070,210000.0,yes
2009001600,265000.0,yes
3445000274,170000.0,yes
1697000370,234000.0,yes
6889000060,225000.0,yes
2946000751,230000.0,yes
7888200240,265000.0,yes
3530530110,149900.0,yes
3530540090,245000.0,yes
2013800705,239000.0,yes
3530450100,210000.0,yes
2946001645,232000.0,yes
7686203275,140000.0,yes
9536601045,227500.0,yes
3530470190,220000.0,yes
7893808220,250000.0,yes
2946000912,212500.0,yes
3530500010,176000.0,yes
2946000285,200000.0,yes
2946001950,248000.0,yes
1022049182,175000.0,yes
2122049013,204750.0,yes
7686203195,249950.0,yes
3530490031,202200.0,yes
6052401215,255000.0,yes
3530420110,195000.0,yes
7522600030,251000.0,yes
7888300340,216000.0,yes
3530490160,178500.0,yes
7888100240,245000.0,yes
2011400520,240000.0,yes
1953400510,199950.0,yes
6929604005,240000.0,yes
7686202065,170000.0,yes
7888200140,250000.0,yes
7686203385,204000.0,yes
9536601996,149500.0,yes
7524200180,207000.0,yes
3530430155,168000.0,yes
7686204675,248000.0,yes
2013801086,245000.0,yes
3530410020,265000.0,yes
7686203180,172500.0,yes
7893206305,245000.0,yes
7686202635,185000.0,yes
3445000005,237600.0,yes
3530420020,162950.0,yes
2011000020,265000.0,yes
6929603207,243500.0,yes
3530430100,187000.0,yes
2946001675,234000.0,yes
9456200405,205950.0,yes
3530410081,216500.0,yes
2321300390,650000.0,yes
582000135,565000.0,yes
1377300135,570000.0,yes
1370802650,605000.0,yes
5040800060,675000.0,yes
6821102100,510000.0,yes
8127700820,640000.0,yes
2770602265,345000.0,yes
1370803820,629000.0,yes
6821102352,330000.0,yes
5041300100,639000.0,yes
5035300090,639000.0,yes
6821102350,323000.0,yes
2770606915,420000.0,yes
6821101870,524000.0,yes
8127700440,654000.0,yes
1370804480,560000.0,yes
6821100090,557800.0,yes
6917700195,585000.0,yes
6821100125,529500.0,yes
6821101895,680000.0,yes
5035300570,650000.0,yes
1377800135,676000.0,yes
6821101275,478000.0,yes
369000045,617000.0,yes
6822100310,685000.0,yes
6822100030,589000.0,yes
1370804461,565000.0,yes
3271301175,661000.0,yes
7010700905,476000.0,yes
6821101765,442900.0,yes
5037300130,672500.0,yes
582000185,655000.0,yes
6821102385,334000.0,yes
6822100305,465000.0,yes
8127700210,600000.0,yes
1370804115,515000.0,yes
2771104010,529999.0,yes
871000065,419000.0,yes
871000155,665000.0,yes
7010701383,680000.0,yes
6822100155,630000.0,yes
1370803640,619790.0,yes
